p,mod4,mod5,mod8,mod20,chi_minus1,chi_5,signature,pisano,v2_pisano,alpha,pi_over_alpha,s,chi_s,T_alpha,S_p,abs_S,plus,minus,zeros,density_plus,is_Z
2,2,2,2,2,0,0,special,3,0,3,1,1,1,2,2,2,2,0,1,1.0,False
3,3,3,3,3,-1,-1,DI,8,3,4,2,2,-1,1,0,0,3,3,2,0.5,True
5,1,0,5,5,0,0,special,20,2,5,4,3,-1,0,0,0,8,8,4,0.5,True
7,3,2,7,7,-1,-1,DI,16,4,8,2,6,-1,1,0,0,7,7,2,0.5,True
11,3,1,3,11,-1,1,cm_only,10,1,10,1,1,1,1,1,1,5,4,1,0.5555555555555556,False
13,1,3,5,13,1,-1,fib_only,28,2,7,4,8,-1,0,0,0,12,12,4,0.5,True
17,1,2,1,17,1,-1,fib_only,36,2,9,4,4,1,4,16,16,24,8,4,0.75,False
19,3,4,3,19,-1,1,cm_only,18,1,18,1,1,1,-1,-1,1,8,9,1,0.47058823529411764,False
23,3,3,7,3,-1,-1,DI,48,4,24,2,22,-1,7,0,0,23,23,2,0.5,True
29,1,4,5,9,1,1,neither,14,1,14,1,1,1,1,1,1,7,6,1,0.5384615384615384,False
31,3,1,7,11,-1,1,cm_only,30,1,30,1,1,1,1,1,1,15,14,1,0.5172413793103449,False
37,1,2,5,17,1,-1,fib_only,76,2,19,4,31,-1,0,0,0,36,36,4,0.5,True
41,1,1,1,1,1,1,neither,40,3,20,2,40,1,5,10,10,24,14,2,0.631578947368421,False
43,3,3,3,3,-1,-1,DI,88,3,44,2,42,-1,5,0,0,43,43,2,0.5,True
47,3,2,7,7,-1,-1,DI,32,5,16,2,46,-1,7,0,0,15,15,2,0.5,True
53,1,3,5,13,1,-1,fib_only,108,2,27,4,23,-1,0,0,0,52,52,4,0.5,True
59,3,4,3,19,-1,1,cm_only,58,1,58,1,1,1,-1,-1,1,28,29,1,0.49122807017543857,False
61,1,1,5,1,1,1,neither,60,2,15,4,11,-1,0,0,0,28,28,4,0.5,True
67,3,2,3,7,-1,-1,DI,136,3,68,2,66,-1,3,0,0,67,67,2,0.5,True
71,3,1,7,11,-1,1,cm_only,70,1,70,1,1,1,1,1,1,35,34,1,0.5072463768115942,False
73,1,3,1,13,1,-1,fib_only,148,2,37,4,27,1,8,32,32,88,56,4,0.6111111111111112,False
79,3,4,7,19,-1,1,cm_only,78,1,78,1,1,1,-1,-1,1,38,39,1,0.4935064935064935,False
83,3,3,3,3,-1,-1,DI,168,3,84,2,82,-1,-3,0,0,83,83,2,0.5,True
89,1,4,1,9,1,1,neither,44,2,11,4,55,1,6,24,24,32,8,4,0.8,False
97,1,2,1,17,1,-1,fib_only,196,2,49,4,75,1,-4,-16,16,88,104,4,0.4583333333333333,False
101,1,1,5,1,1,1,neither,50,1,50,1,1,1,-1,-1,1,24,25,1,0.4897959183673469,False
103,3,3,7,3,-1,-1,DI,208,4,104,2,102,-1,11,0,0,103,103,2,0.5,True
107,3,2,3,7,-1,-1,DI,72,3,36,2,106,-1,1,0,0,35,35,2,0.5,True
109,1,4,5,9,1,1,neither,108,2,27,4,76,-1,0,0,0,52,52,4,0.5,True
113,1,3,1,13,1,-1,fib_only,76,2,19,4,98,1,2,8,8,40,32,4,0.5555555555555556,False
127,3,2,7,7,-1,-1,DI,256,8,128,2,126,-1,1,0,0,127,127,2,0.5,True
131,3,1,3,11,-1,1,cm_only,130,1,130,1,1,1,1,1,1,65,64,1,0.5038759689922481,False
137,1,2,1,17,1,-1,fib_only,276,2,69,4,100,1,-4,-16,16,128,144,4,0.47058823529411764,False
139,3,4,3,19,-1,1,cm_only,46,1,46,1,1,1,5,5,5,25,20,1,0.5555555555555556,False
149,1,4,5,9,1,1,neither,148,2,37,4,105,-1,0,0,0,72,72,4,0.5,True
151,3,1,7,11,-1,1,cm_only,50,1,50,1,1,1,-1,-1,1,24,25,1,0.4897959183673469,False
157,1,2,5,17,1,-1,fib_only,316,2,79,4,28,-1,0,0,0,156,156,4,0.5,True
163,3,3,3,3,-1,-1,DI,328,3,164,2,162,-1,13,0,0,163,163,2,0.5,True
167,3,2,7,7,-1,-1,DI,336,4,168,2,166,-1,-3,0,0,167,167,2,0.5,True
173,1,3,5,13,1,-1,fib_only,348,2,87,4,93,-1,0,0,0,172,172,4,0.5,True
179,3,4,3,19,-1,1,cm_only,178,1,178,1,1,1,-1,-1,1,88,89,1,0.4971751412429379,False
181,1,1,5,1,1,1,neither,90,1,90,1,1,1,-1,-1,1,44,45,1,0.4943820224719101,False
191,3,1,7,11,-1,1,cm_only,190,1,190,1,1,1,1,1,1,95,94,1,0.5026455026455027,False
193,1,3,1,13,1,-1,fib_only,388,2,97,4,112,1,12,48,48,216,168,4,0.5625,False
197,1,2,5,17,1,-1,fib_only,396,2,99,4,14,-1,0,0,0,196,196,4,0.5,True
199,3,4,7,19,-1,1,cm_only,22,1,22,1,1,1,7,7,7,14,7,1,0.6666666666666666,False
211,3,1,3,11,-1,1,cm_only,42,1,42,1,1,1,9,9,9,25,16,1,0.6097560975609756,False
223,3,3,7,3,-1,-1,DI,448,6,224,2,222,-1,15,0,0,223,223,2,0.5,True
227,3,2,3,7,-1,-1,DI,456,3,228,2,226,-1,-5,0,0,227,227,2,0.5,True
229,1,4,5,9,1,1,neither,114,1,114,1,1,1,1,1,1,57,56,1,0.504424778761062,False
233,1,3,1,13,1,-1,fib_only,52,2,13,4,144,1,4,16,16,32,16,4,0.6666666666666666,False
239,3,4,7,19,-1,1,cm_only,238,1,238,1,1,1,-1,-1,1,118,119,1,0.4978902953586498,False
241,1,1,1,1,1,1,neither,240,4,120,2,240,1,-15,-30,30,104,134,2,0.4369747899159664,False
251,3,1,3,11,-1,1,cm_only,250,1,250,1,1,1,1,1,1,125,124,1,0.5020080321285141,False
257,1,2,1,17,1,-1,fib_only,516,2,129,4,241,1,-16,-64,64,224,288,4,0.4375,False
263,3,3,7,3,-1,-1,DI,176,4,88,2,262,-1,1,0,0,87,87,2,0.5,True
269,1,4,5,9,1,1,neither,268,2,67,4,187,-1,0,0,0,132,132,4,0.5,True
271,3,1,7,11,-1,1,cm_only,270,1,270,1,1,1,1,1,1,135,134,1,0.5018587360594795,False
277,1,2,5,17,1,-1,fib_only,556,2,139,4,60,-1,0,0,0,276,276,4,0.5,True
281,1,1,1,1,1,1,neither,56,3,28,2,280,1,1,2,2,28,26,2,0.5185185185185185,False
283,3,3,3,3,-1,-1,DI,568,3,284,2,282,-1,13,0,0,283,283,2,0.5,True
293,1,3,5,13,1,-1,fib_only,588,2,147,4,138,-1,0,0,0,292,292,4,0.5,True
307,3,2,3,7,-1,-1,DI,88,3,44,2,306,-1,1,0,0,43,43,2,0.5,True
311,3,1,7,11,-1,1,cm_only,310,1,310,1,1,1,1,1,1,155,154,1,0.5016181229773463,False
313,1,3,1,13,1,-1,fib_only,628,2,157,4,288,1,12,48,48,336,288,4,0.5384615384615384,False
317,1,2,5,17,1,-1,fib_only,636,2,159,4,203,-1,0,0,0,316,316,4,0.5,True
331,3,1,3,11,-1,1,cm_only,110,1,110,1,1,1,11,11,11,60,49,1,0.5504587155963303,False
337,1,2,1,17,1,-1,fib_only,676,2,169,4,189,1,16,64,64,368,304,4,0.5476190476190477,False
347,3,2,3,7,-1,-1,DI,232,3,116,2,346,-1,21,0,0,115,115,2,0.5,True
349,1,4,5,9,1,1,neither,174,1,174,1,1,1,1,1,1,87,86,1,0.5028901734104047,False
353,1,3,1,13,1,-1,fib_only,236,2,59,4,42,1,14,56,56,144,88,4,0.6206896551724138,False
359,3,4,7,19,-1,1,cm_only,358,1,358,1,1,1,-1,-1,1,178,179,1,0.49859943977591037,False
367,3,2,7,7,-1,-1,DI,736,5,368,2,366,-1,9,0,0,367,367,2,0.5,True
373,1,3,5,13,1,-1,fib_only,748,2,187,4,104,-1,0,0,0,372,372,4,0.5,True
379,3,4,3,19,-1,1,cm_only,378,1,378,1,1,1,-1,-1,1,188,189,1,0.4986737400530504,False
383,3,3,7,3,-1,-1,DI,768,8,384,2,382,-1,35,0,0,383,383,2,0.5,True
389,1,4,5,9,1,1,neither,388,2,97,4,115,-1,0,0,0,192,192,4,0.5,True
397,1,2,5,17,1,-1,fib_only,796,2,199,4,63,-1,0,0,0,396,396,4,0.5,True
401,1,1,1,1,1,1,neither,200,3,100,2,400,1,-1,-2,2,98,100,2,0.494949494949495,False
409,1,4,1,9,1,1,neither,408,3,204,2,408,1,3,6,6,206,200,2,0.5073891625615764,False
419,3,4,3,19,-1,1,cm_only,418,1,418,1,1,1,-1,-1,1,208,209,1,0.4988009592326139,False
421,1,1,5,1,1,1,neither,84,2,21,4,29,-1,0,0,0,40,40,4,0.5,True
431,3,1,7,11,-1,1,cm_only,430,1,430,1,1,1,1,1,1,215,214,1,0.5011655011655012,False
433,1,3,1,13,1,-1,fib_only,868,2,217,4,179,1,-12,-48,48,408,456,4,0.4722222222222222,False
439,3,4,7,19,-1,1,cm_only,438,1,438,1,1,1,-1,-1,1,218,219,1,0.4988558352402746,False
443,3,3,3,3,-1,-1,DI,888,3,444,2,442,-1,-31,0,0,443,443,2,0.5,True
449,1,4,1,9,1,1,neither,448,6,224,2,448,1,7,14,14,230,216,2,0.515695067264574,False
457,1,2,1,17,1,-1,fib_only,916,2,229,4,109,1,4,16,16,464,448,4,0.5087719298245614,False
461,1,1,5,1,1,1,neither,46,1,46,1,1,1,-9,-9,9,18,27,1,0.4,False
463,3,3,7,3,-1,-1,DI,928,5,464,2,462,-1,27,0,0,463,463,2,0.5,True
467,3,2,3,7,-1,-1,DI,936,3,468,2,466,-1,-1,0,0,467,467,2,0.5,True
479,3,4,7,19,-1,1,cm_only,478,1,478,1,1,1,-1,-1,1,238,239,1,0.4989517819706499,False
487,3,2,7,7,-1,-1,DI,976,4,488,2,486,-1,17,0,0,487,487,2,0.5,True
491,3,1,3,11,-1,1,cm_only,490,1,490,1,1,1,1,1,1,245,244,1,0.5010224948875256,False
499,3,4,3,19,-1,1,cm_only,498,1,498,1,1,1,-1,-1,1,248,249,1,0.49899396378269617,False
503,3,3,7,3,-1,-1,DI,1008,4,504,2,502,-1,-13,0,0,503,503,2,0.5,True
509,1,4,5,9,1,1,neither,254,1,254,1,1,1,1,1,1,127,126,1,0.5019762845849802,False
521,1,1,1,1,1,1,neither,26,1,26,1,1,1,13,13,13,19,6,1,0.76,False
523,3,3,3,3,-1,-1,DI,1048,3,524,2,522,-1,5,0,0,523,523,2,0.5,True
541,1,1,5,1,1,1,neither,90,1,90,1,1,1,15,15,15,52,37,1,0.5842696629213483,False
547,3,2,3,7,-1,-1,DI,1096,3,548,2,546,-1,-29,0,0,547,547,2,0.5,True
557,1,2,5,17,1,-1,fib_only,124,2,31,4,439,-1,0,0,0,60,60,4,0.5,True
563,3,3,3,3,-1,-1,DI,376,3,188,2,562,-1,3,0,0,187,187,2,0.5,True
569,1,4,1,9,1,1,neither,568,3,284,2,568,1,-13,-26,26,270,296,2,0.47703180212014135,False
571,3,1,3,11,-1,1,cm_only,570,1,570,1,1,1,1,1,1,285,284,1,0.5008787346221442,False
577,1,2,1,17,1,-1,fib_only,1156,2,289,4,24,1,24,96,96,624,528,4,0.5416666666666666,False
587,3,2,3,7,-1,-1,DI,1176,3,588,2,586,-1,15,0,0,587,587,2,0.5,True
593,1,3,1,13,1,-1,fib_only,1188,2,297,4,516,1,8,32,32,608,576,4,0.5135135135135135,False
599,3,4,7,19,-1,1,cm_only,598,1,598,1,1,1,-1,-1,1,298,299,1,0.4991624790619765,False
601,1,1,1,1,1,1,neither,600,3,300,2,600,1,5,10,10,304,294,2,0.5083612040133779,False
607,3,2,7,7,-1,-1,DI,1216,6,608,2,606,-1,13,0,0,607,607,2,0.5,True
613,1,3,5,13,1,-1,fib_only,1228,2,307,4,35,-1,0,0,0,612,612,4,0.5,True
617,1,2,1,17,1,-1,fib_only,1236,2,309,4,423,1,-16,-64,64,584,648,4,0.474025974025974,False
619,3,4,3,19,-1,1,cm_only,206,1,206,1,1,1,-11,-11,11,97,108,1,0.47317073170731705,False
631,3,1,7,11,-1,1,cm_only,630,1,630,1,1,1,1,1,1,315,314,1,0.5007949125596184,False
641,1,1,1,1,1,1,neither,640,7,320,2,640,1,25,50,50,344,294,2,0.5391849529780565,False
643,3,3,3,3,-1,-1,DI,1288,3,644,2,642,-1,-7,0,0,643,643,2,0.5,True
647,3,2,7,7,-1,-1,DI,1296,4,648,2,646,-1,-7,0,0,647,647,2,0.5,True
653,1,3,5,13,1,-1,fib_only,1308,2,327,4,149,-1,0,0,0,652,652,4,0.5,True
659,3,4,3,19,-1,1,cm_only,658,1,658,1,1,1,-1,-1,1,328,329,1,0.4992389649923896,False
661,1,1,5,1,1,1,neither,220,2,55,4,555,-1,0,0,0,108,108,4,0.5,True
673,1,3,1,13,1,-1,fib_only,1348,2,337,4,58,1,-12,-48,48,648,696,4,0.48214285714285715,False
677,1,2,5,17,1,-1,fib_only,452,2,113,4,26,-1,0,0,0,224,224,4,0.5,True
683,3,3,3,3,-1,-1,DI,1368,3,684,2,682,-1,13,0,0,683,683,2,0.5,True
691,3,1,3,11,-1,1,cm_only,138,1,138,1,1,1,1,1,1,69,68,1,0.5036496350364964,False
701,1,1,5,1,1,1,neither,700,2,175,4,135,-1,0,0,0,348,348,4,0.5,True
709,1,4,5,9,1,1,neither,118,1,118,1,1,1,-7,-7,7,55,62,1,0.4700854700854701,False
719,3,4,7,19,-1,1,cm_only,718,1,718,1,1,1,-1,-1,1,358,359,1,0.499302649930265,False
727,3,2,7,7,-1,-1,DI,1456,4,728,2,726,-1,-27,0,0,727,727,2,0.5,True
733,1,3,5,13,1,-1,fib_only,1468,2,367,4,353,-1,0,0,0,732,732,4,0.5,True
739,3,4,3,19,-1,1,cm_only,738,1,738,1,1,1,-1,-1,1,368,369,1,0.4993215739484396,False
743,3,3,7,3,-1,-1,DI,496,4,248,2,742,-1,9,0,0,247,247,2,0.5,True
751,3,1,7,11,-1,1,cm_only,750,1,750,1,1,1,1,1,1,375,374,1,0.5006675567423231,False
757,1,2,5,17,1,-1,fib_only,1516,2,379,4,87,-1,0,0,0,756,756,4,0.5,True
761,1,1,1,1,1,1,neither,380,2,95,4,39,1,18,72,72,224,152,4,0.5957446808510638,False
769,1,4,1,9,1,1,neither,192,6,96,2,768,1,1,2,2,96,94,2,0.5052631578947369,False
773,1,3,5,13,1,-1,fib_only,1548,2,387,4,456,-1,0,0,0,772,772,4,0.5,True
787,3,2,3,7,-1,-1,DI,1576,3,788,2,786,-1,-29,0,0,787,787,2,0.5,True
797,1,2,5,17,1,-1,fib_only,228,2,57,4,582,-1,0,0,0,112,112,4,0.5,True
809,1,4,1,9,1,1,neither,202,1,202,1,1,1,3,3,3,102,99,1,0.5074626865671642,False
811,3,1,3,11,-1,1,cm_only,270,1,270,1,1,1,19,19,19,144,125,1,0.5353159851301115,False
821,1,1,5,1,1,1,neither,820,2,205,4,526,-1,0,0,0,408,408,4,0.5,True
823,3,3,7,3,-1,-1,DI,1648,4,824,2,822,-1,-17,0,0,823,823,2,0.5,True
827,3,2,3,7,-1,-1,DI,1656,3,828,2,826,-1,-9,0,0,827,827,2,0.5,True
829,1,4,5,9,1,1,neither,276,2,69,4,246,-1,0,0,0,136,136,4,0.5,True
839,3,4,7,19,-1,1,cm_only,838,1,838,1,1,1,-1,-1,1,418,419,1,0.4994026284348865,False
853,1,3,5,13,1,-1,fib_only,1708,2,427,4,520,-1,0,0,0,852,852,4,0.5,True
857,1,2,1,17,1,-1,fib_only,1716,2,429,4,650,1,-4,-16,16,848,864,4,0.4953271028037383,False
859,3,4,3,19,-1,1,cm_only,78,1,78,1,1,1,-11,-11,11,33,44,1,0.42857142857142855,False
863,3,3,7,3,-1,-1,DI,1728,6,864,2,862,-1,47,0,0,863,863,2,0.5,True
877,1,2,5,17,1,-1,fib_only,1756,2,439,4,726,-1,0,0,0,876,876,4,0.5,True
881,1,1,1,1,1,1,neither,176,4,88,2,880,1,5,10,10,92,82,2,0.5287356321839081,False
883,3,3,3,3,-1,-1,DI,1768,3,884,2,882,-1,-3,0,0,883,883,2,0.5,True
887,3,2,7,7,-1,-1,DI,1776,4,888,2,886,-1,33,0,0,887,887,2,0.5,True
907,3,2,3,7,-1,-1,DI,1816,3,908,2,906,-1,-45,0,0,907,907,2,0.5,True
911,3,1,7,11,-1,1,cm_only,70,1,70,1,1,1,1,1,1,35,34,1,0.5072463768115942,False
919,3,4,7,19,-1,1,cm_only,102,1,102,1,1,1,15,15,15,58,43,1,0.5742574257425742,False
929,1,4,1,9,1,1,neither,928,5,464,2,928,1,23,46,46,486,440,2,0.5248380129589633,False
937,1,2,1,17,1,-1,fib_only,1876,2,469,4,196,1,24,96,96,984,888,4,0.5256410256410257,False
941,1,1,5,1,1,1,neither,470,1,470,1,1,1,-1,-1,1,234,235,1,0.4989339019189765,False
947,3,2,3,7,-1,-1,DI,1896,3,948,2,946,-1,-13,0,0,947,947,2,0.5,True
953,1,3,1,13,1,-1,fib_only,212,2,53,4,442,1,8,32,32,120,88,4,0.5769230769230769,False
967,3,2,7,7,-1,-1,DI,176,4,88,2,966,-1,-1,0,0,87,87,2,0.5,True
971,3,1,3,11,-1,1,cm_only,970,1,970,1,1,1,1,1,1,485,484,1,0.500515995872033,False
977,1,2,1,17,1,-1,fib_only,652,2,163,4,252,1,-22,-88,88,280,368,4,0.43209876543209874,False
983,3,3,7,3,-1,-1,DI,1968,4,984,2,982,-1,59,0,0,983,983,2,0.5,True
991,3,1,7,11,-1,1,cm_only,198,1,198,1,1,1,1,1,1,99,98,1,0.5025380710659898,False
997,1,2,5,17,1,-1,fib_only,1996,2,499,4,836,-1,0,0,0,996,996,4,0.5,True
1009,1,4,1,9,1,1,neither,126,1,126,1,1,1,-13,-13,13,56,69,1,0.448,False
1013,1,3,5,13,1,-1,fib_only,2028,2,507,4,968,-1,0,0,0,1012,1012,4,0.5,True
1019,3,4,3,19,-1,1,cm_only,1018,1,1018,1,1,1,-1,-1,1,508,509,1,0.4995083579154376,False
1021,1,1,5,1,1,1,neither,510,1,510,1,1,1,-1,-1,1,254,255,1,0.49901768172888017,False
1031,3,1,7,11,-1,1,cm_only,206,1,206,1,1,1,-23,-23,23,91,114,1,0.44390243902439025,False
1033,1,3,1,13,1,-1,fib_only,2068,2,517,4,678,1,-32,-128,128,968,1096,4,0.4689922480620155,False
1039,3,4,7,19,-1,1,cm_only,1038,1,1038,1,1,1,-1,-1,1,518,519,1,0.49951783992285437,False
1049,1,4,1,9,1,1,neither,262,1,262,1,1,1,3,3,3,132,129,1,0.5057471264367817,False
1051,3,1,3,11,-1,1,cm_only,1050,1,1050,1,1,1,1,1,1,525,524,1,0.5004766444232602,False
1061,1,1,5,1,1,1,neither,530,1,530,1,1,1,-1,-1,1,264,265,1,0.499054820415879,False
1063,3,3,7,3,-1,-1,DI,2128,4,1064,2,1062,-1,43,0,0,1063,1063,2,0.5,True
1069,1,4,5,9,1,1,neither,356,2,89,4,820,-1,0,0,0,176,176,4,0.5,True
1087,3,2,7,7,-1,-1,DI,128,7,64,2,1086,-1,9,0,0,63,63,2,0.5,True
1091,3,1,3,11,-1,1,cm_only,1090,1,1090,1,1,1,1,1,1,545,544,1,0.5004591368227732,False
1093,1,3,5,13,1,-1,fib_only,2188,2,547,4,563,-1,0,0,0,1092,1092,4,0.5,True
1097,1,2,1,17,1,-1,fib_only,732,2,183,4,756,1,-14,-56,56,336,392,4,0.46153846153846156,False
1103,3,3,7,3,-1,-1,DI,96,5,48,2,1102,-1,1,0,0,47,47,2,0.5,True
1109,1,4,5,9,1,1,neither,554,1,554,1,1,1,1,1,1,277,276,1,0.5009041591320073,False
1117,1,2,5,17,1,-1,fib_only,2236,2,559,4,903,-1,0,0,0,1116,1116,4,0.5,True
1123,3,3,3,3,-1,-1,DI,2248,3,1124,2,1122,-1,-47,0,0,1123,1123,2,0.5,True
1129,1,4,1,9,1,1,neither,1128,3,564,2,1128,1,27,54,54,590,536,2,0.5239786856127886,False
1151,3,1,7,11,-1,1,cm_only,230,1,230,1,1,1,-15,-15,15,107,122,1,0.4672489082969432,False
1153,1,3,1,13,1,-1,fib_only,2308,2,577,4,140,1,-8,-32,32,1136,1168,4,0.4930555555555556,False
1163,3,3,3,3,-1,-1,DI,2328,3,1164,2,1162,-1,5,0,0,1163,1163,2,0.5,True
1171,3,1,3,11,-1,1,cm_only,1170,1,1170,1,1,1,1,1,1,585,584,1,0.5004277159965783,False
1181,1,1,5,1,1,1,neither,1180,2,295,4,938,-1,0,0,0,588,588,4,0.5,True
1187,3,2,3,7,-1,-1,DI,2376,3,1188,2,1186,-1,-33,0,0,1187,1187,2,0.5,True
1193,1,3,1,13,1,-1,fib_only,2388,2,597,4,1007,1,32,128,128,1256,1128,4,0.5268456375838926,False
1201,1,1,1,1,1,1,neither,1200,4,600,2,1200,1,25,50,50,624,574,2,0.5208681135225376,False
1213,1,3,5,13,1,-1,fib_only,2428,2,607,4,495,-1,0,0,0,1212,1212,4,0.5,True
1217,1,2,1,17,1,-1,fib_only,812,2,203,4,1139,1,26,104,104,456,352,4,0.5643564356435643,False
1223,3,3,7,3,-1,-1,DI,816,4,408,2,1222,-1,17,0,0,407,407,2,0.5,True
1229,1,4,5,9,1,1,neither,614,1,614,1,1,1,1,1,1,307,306,1,0.5008156606851549,False
1231,3,1,7,11,-1,1,cm_only,410,1,410,1,1,1,23,23,23,216,193,1,0.5281173594132029,False
1237,1,2,5,17,1,-1,fib_only,2476,2,619,4,546,-1,0,0,0,1236,1236,4,0.5,True
1249,1,4,1,9,1,1,neither,624,4,312,2,1248,1,-7,-14,14,304,318,2,0.4887459807073955,False
1259,3,4,3,19,-1,1,cm_only,1258,1,1258,1,1,1,-1,-1,1,628,629,1,0.4996022275258552,False
1277,1,2,5,17,1,-1,fib_only,852,2,213,4,113,-1,0,0,0,424,424,4,0.5,True
1279,3,4,7,19,-1,1,cm_only,426,1,426,1,1,1,9,9,9,217,208,1,0.5105882352941177,False
1283,3,3,3,3,-1,-1,DI,2568,3,1284,2,1282,-1,13,0,0,1283,1283,2,0.5,True
1289,1,4,1,9,1,1,neither,322,1,322,1,1,1,-17,-17,17,152,169,1,0.4735202492211838,False
1291,3,1,3,11,-1,1,cm_only,430,1,430,1,1,1,19,19,19,224,205,1,0.5221445221445221,False
1297,1,2,1,17,1,-1,fib_only,2596,2,649,4,1261,1,-36,-144,144,1224,1368,4,0.4722222222222222,False
1301,1,1,5,1,1,1,neither,1300,2,325,4,1250,-1,0,0,0,648,648,4,0.5,True
1303,3,3,7,3,-1,-1,DI,2608,4,1304,2,1302,-1,-25,0,0,1303,1303,2,0.5,True
1307,3,2,3,7,-1,-1,DI,872,3,436,2,1306,-1,-35,0,0,435,435,2,0.5,True
1319,3,4,7,19,-1,1,cm_only,1318,1,1318,1,1,1,-1,-1,1,658,659,1,0.4996203492786636,False
1321,1,1,1,1,1,1,neither,1320,3,660,2,1320,1,5,10,10,664,654,2,0.503793626707132,False
1327,3,2,7,7,-1,-1,DI,2656,5,1328,2,1326,-1,69,0,0,1327,1327,2,0.5,True
1361,1,1,1,1,1,1,neither,680,3,340,2,1360,1,15,30,30,354,324,2,0.5221238938053098,False
1367,3,2,7,7,-1,-1,DI,2736,4,1368,2,1366,-1,-3,0,0,1367,1367,2,0.5,True
1373,1,3,5,13,1,-1,fib_only,2748,2,687,4,668,-1,0,0,0,1372,1372,4,0.5,True
1381,1,1,5,1,1,1,neither,460,2,115,4,366,-1,0,0,0,228,228,4,0.5,True
1399,3,4,7,19,-1,1,cm_only,1398,1,1398,1,1,1,-1,-1,1,698,699,1,0.49964209019327127,False
1409,1,4,1,9,1,1,neither,704,6,352,2,1408,1,13,26,26,364,338,2,0.5185185185185185,False
1423,3,3,7,3,-1,-1,DI,2848,5,1424,2,1422,-1,-5,0,0,1423,1423,2,0.5,True
1427,3,2,3,7,-1,-1,DI,168,3,84,2,1426,-1,-1,0,0,83,83,2,0.5,True
1429,1,4,5,9,1,1,neither,1428,2,357,4,620,-1,0,0,0,712,712,4,0.5,True
1433,1,3,1,13,1,-1,fib_only,2868,2,717,4,542,1,8,32,32,1448,1416,4,0.505586592178771,False
1439,3,4,7,19,-1,1,cm_only,1438,1,1438,1,1,1,-1,-1,1,718,719,1,0.49965205288796105,False
1447,3,2,7,7,-1,-1,DI,2896,4,1448,2,1446,-1,37,0,0,1447,1447,2,0.5,True
1451,3,1,3,11,-1,1,cm_only,1450,1,1450,1,1,1,1,1,1,725,724,1,0.5003450655624568,False
1453,1,3,5,13,1,-1,fib_only,2908,2,727,4,497,-1,0,0,0,1452,1452,4,0.5,True
1459,3,4,3,19,-1,1,cm_only,1458,1,1458,1,1,1,-1,-1,1,728,729,1,0.49965682910089226,False
1471,3,1,7,11,-1,1,cm_only,490,1,490,1,1,1,-25,-25,25,232,257,1,0.47443762781186094,False
1481,1,1,1,1,1,1,neither,1480,3,740,2,1480,1,-35,-70,70,704,774,2,0.476319350473613,False
1483,3,3,3,3,-1,-1,DI,424,3,212,2,1482,-1,-1,0,0,211,211,2,0.5,True
1487,3,2,7,7,-1,-1,DI,2976,5,1488,2,1486,-1,21,0,0,1487,1487,2,0.5,True
1489,1,4,1,9,1,1,neither,1488,4,744,2,1488,1,-33,-66,66,710,776,2,0.477792732166891,False
1493,1,3,5,13,1,-1,fib_only,2988,2,747,4,1061,-1,0,0,0,1492,1492,4,0.5,True
1499,3,4,3,19,-1,1,cm_only,1498,1,1498,1,1,1,-1,-1,1,748,749,1,0.49966599866399464,False
1511,3,1,7,11,-1,1,cm_only,302,1,302,1,1,1,9,9,9,155,146,1,0.5149501661129569,False
1523,3,3,3,3,-1,-1,DI,1016,3,508,2,1522,-1,19,0,0,507,507,2,0.5,True
1531,3,1,3,11,-1,1,cm_only,1530,1,1530,1,1,1,1,1,1,765,764,1,0.5003270111183781,False
1543,3,3,7,3,-1,-1,DI,3088,4,1544,2,1542,-1,19,0,0,1543,1543,2,0.5,True
1549,1,4,5,9,1,1,neither,774,1,774,1,1,1,1,1,1,387,386,1,0.500646830530401,False
1553,1,3,1,13,1,-1,fib_only,1036,2,259,4,339,1,-26,-104,104,464,568,4,0.4496124031007752,False
1559,3,4,7,19,-1,1,cm_only,1558,1,1558,1,1,1,-1,-1,1,778,779,1,0.49967886962106617,False
1567,3,2,7,7,-1,-1,DI,3136,6,1568,2,1566,-1,-23,0,0,1567,1567,2,0.5,True
1571,3,1,3,11,-1,1,cm_only,1570,1,1570,1,1,1,1,1,1,785,784,1,0.5003186743148502,False
1579,3,4,3,19,-1,1,cm_only,526,1,526,1,1,1,-11,-11,11,257,268,1,0.4895238095238095,False
1583,3,3,7,3,-1,-1,DI,3168,5,1584,2,1582,-1,-17,0,0,1583,1583,2,0.5,True
1597,1,2,5,17,1,-1,fib_only,68,2,17,4,987,-1,0,0,0,32,32,4,0.5,True
1601,1,1,1,1,1,1,neither,160,5,80,2,1600,1,23,46,46,102,56,2,0.6455696202531646,False
1607,3,2,7,7,-1,-1,DI,3216,4,1608,2,1606,-1,41,0,0,1607,1607,2,0.5,True
1609,1,4,1,9,1,1,neither,1608,3,804,2,1608,1,3,6,6,806,800,2,0.50186799501868,False
1613,1,3,5,13,1,-1,fib_only,3228,2,807,4,127,-1,0,0,0,1612,1612,4,0.5,True
1619,3,4,3,19,-1,1,cm_only,1618,1,1618,1,1,1,-1,-1,1,808,809,1,0.4996907854050711,False
1621,1,1,5,1,1,1,neither,810,1,810,1,1,1,-1,-1,1,404,405,1,0.49938195302843014,False
1627,3,2,3,7,-1,-1,DI,3256,3,1628,2,1626,-1,55,0,0,1627,1627,2,0.5,True
1637,1,2,5,17,1,-1,fib_only,3276,2,819,4,316,-1,0,0,0,1636,1636,4,0.5,True
1657,1,2,1,17,1,-1,fib_only,3316,2,829,4,874,1,-36,-144,144,1584,1728,4,0.4782608695652174,False
1663,3,3,7,3,-1,-1,DI,3328,8,1664,2,1662,-1,-45,0,0,1663,1663,2,0.5,True
1667,3,2,3,7,-1,-1,DI,3336,3,1668,2,1666,-1,35,0,0,1667,1667,2,0.5,True
1669,1,4,5,9,1,1,neither,834,1,834,1,1,1,1,1,1,417,416,1,0.5006002400960384,False
1693,1,3,5,13,1,-1,fib_only,3388,2,847,4,1601,-1,0,0,0,1692,1692,4,0.5,True
1697,1,2,1,17,1,-1,fib_only,3396,2,849,4,414,1,4,16,16,1704,1688,4,0.5023584905660378,False
1699,3,4,3,19,-1,1,cm_only,566,1,566,1,1,1,21,21,21,293,272,1,0.5185840707964602,False
1709,1,4,5,9,1,1,neither,854,1,854,1,1,1,1,1,1,427,426,1,0.5005861664712778,False
1721,1,1,1,1,1,1,neither,430,1,430,1,1,1,5,5,5,217,212,1,0.5058275058275058,False
1723,3,3,3,3,-1,-1,DI,3448,3,1724,2,1722,-1,-3,0,0,1723,1723,2,0.5,True
1733,1,3,5,13,1,-1,fib_only,1156,2,289,4,410,-1,0,0,0,576,576,4,0.5,True
1741,1,1,5,1,1,1,neither,870,1,870,1,1,1,-1,-1,1,434,435,1,0.4994246260069045,False
1747,3,2,3,7,-1,-1,DI,3496,3,1748,2,1746,-1,-9,0,0,1747,1747,2,0.5,True
1753,1,3,1,13,1,-1,fib_only,3508,2,877,4,1040,1,32,128,128,1816,1688,4,0.5182648401826484,False
1759,3,4,7,19,-1,1,cm_only,1758,1,1758,1,1,1,-1,-1,1,878,879,1,0.49971542401821284,False
1777,1,2,1,17,1,-1,fib_only,3556,2,889,4,775,1,-16,-64,64,1744,1808,4,0.49099099099099097,False
1783,3,3,7,3,-1,-1,DI,3568,4,1784,2,1782,-1,-61,0,0,1783,1783,2,0.5,True
1787,3,2,3,7,-1,-1,DI,3576,3,1788,2,1786,-1,-49,0,0,1787,1787,2,0.5,True
1789,1,4,5,9,1,1,neither,894,1,894,1,1,1,1,1,1,447,446,1,0.5005599104143337,False
1801,1,1,1,1,1,1,neither,1800,3,900,2,1800,1,-35,-70,70,864,934,2,0.48053392658509453,False
1811,3,1,3,11,-1,1,cm_only,1810,1,1810,1,1,1,1,1,1,905,904,1,0.5002763957987839,False
1823,3,3,7,3,-1,-1,DI,1216,6,608,2,1822,-1,9,0,0,607,607,2,0.5,True
1831,3,1,7,11,-1,1,cm_only,1830,1,1830,1,1,1,1,1,1,915,914,1,0.5002733734281027,False
1847,3,2,7,7,-1,-1,DI,3696,4,1848,2,1846,-1,17,0,0,1847,1847,2,0.5,True
1861,1,1,5,1,1,1,neither,930,1,930,1,1,1,-1,-1,1,464,465,1,0.49946178686759957,False
1867,3,2,3,7,-1,-1,DI,3736,3,1868,2,1866,-1,35,0,0,1867,1867,2,0.5,True
1871,3,1,7,11,-1,1,cm_only,374,1,374,1,1,1,33,33,33,203,170,1,0.5442359249329759,False
1873,1,3,1,13,1,-1,fib_only,3748,2,937,4,1136,1,-28,-112,112,1816,1928,4,0.48504273504273504,False
1877,1,2,5,17,1,-1,fib_only,1252,2,313,4,137,-1,0,0,0,624,624,4,0.5,True
1879,3,4,7,19,-1,1,cm_only,1878,1,1878,1,1,1,-1,-1,1,938,939,1,0.49973361747469364,False
1889,1,4,1,9,1,1,neither,1888,5,944,2,1888,1,-17,-34,34,926,960,2,0.4909862142099682,False
1901,1,1,5,1,1,1,neither,1900,2,475,4,1683,-1,0,0,0,948,948,4,0.5,True
1907,3,2,3,7,-1,-1,DI,3816,3,1908,2,1906,-1,7,0,0,1907,1907,2,0.5,True
1913,1,3,1,13,1,-1,fib_only,1276,2,319,4,1201,1,-26,-104,104,584,688,4,0.4591194968553459,False
1931,3,1,3,11,-1,1,cm_only,1930,1,1930,1,1,1,1,1,1,965,964,1,0.5002592016588906,False
1933,1,3,5,13,1,-1,fib_only,3868,2,967,4,1335,-1,0,0,0,1932,1932,4,0.5,True
1949,1,4,5,9,1,1,neither,1948,2,487,4,589,-1,0,0,0,972,972,4,0.5,True
1951,3,1,7,11,-1,1,cm_only,390,1,390,1,1,1,-15,-15,15,187,202,1,0.480719794344473,False
1973,1,3,5,13,1,-1,fib_only,1316,2,329,4,1714,-1,0,0,0,656,656,4,0.5,True
1979,3,4,3,19,-1,1,cm_only,1978,1,1978,1,1,1,-1,-1,1,988,989,1,0.49974709155285785,False
1987,3,2,3,7,-1,-1,DI,3976,3,1988,2,1986,-1,-65,0,0,1987,1987,2,0.5,True
1993,1,3,1,13,1,-1,fib_only,3988,2,997,4,834,1,-12,-48,48,1968,2016,4,0.4939759036144578,False
1997,1,2,5,17,1,-1,fib_only,3996,2,999,4,412,-1,0,0,0,1996,1996,4,0.5,True
1999,3,4,7,19,-1,1,cm_only,666,1,666,1,1,1,17,17,17,341,324,1,0.512781954887218,False
2003,3,3,3,3,-1,-1,DI,4008,3,2004,2,2002,-1,-39,0,0,2003,2003,2,0.5,True
2011,3,1,3,11,-1,1,cm_only,2010,1,2010,1,1,1,1,1,1,1005,1004,1,0.5002488800398208,False
2017,1,2,1,17,1,-1,fib_only,4036,2,1009,4,1788,1,-44,-176,176,1928,2104,4,0.4781746031746032,False
2027,3,2,3,7,-1,-1,DI,1352,3,676,2,2026,-1,17,0,0,675,675,2,0.5,True
2029,1,4,5,9,1,1,neither,1014,1,1014,1,1,1,1,1,1,507,506,1,0.5004935834155972,False
2039,3,4,7,19,-1,1,cm_only,2038,1,2038,1,1,1,-1,-1,1,1018,1019,1,0.4997545409916544,False
2053,1,3,5,13,1,-1,fib_only,4108,2,1027,4,244,-1,0,0,0,2052,2052,4,0.5,True
2063,3,3,7,3,-1,-1,DI,4128,5,2064,2,2062,-1,43,0,0,2063,2063,2,0.5,True
2069,1,4,5,9,1,1,neither,1034,1,1034,1,1,1,1,1,1,517,516,1,0.5004840271055179,False
2081,1,1,1,1,1,1,neither,130,1,130,1,1,1,13,13,13,71,58,1,0.5503875968992248,False
2083,3,3,3,3,-1,-1,DI,4168,3,2084,2,2082,-1,69,0,0,2083,2083,2,0.5,True
2087,3,2,7,7,-1,-1,DI,4176,4,2088,2,2086,-1,-71,0,0,2087,2087,2,0.5,True
2089,1,4,1,9,1,1,neither,1044,2,261,4,1300,1,20,80,80,560,480,4,0.5384615384615384,False
2099,3,4,3,19,-1,1,cm_only,2098,1,2098,1,1,1,-1,-1,1,1048,1049,1,0.49976156413924655,False
2111,3,1,7,11,-1,1,cm_only,2110,1,2110,1,1,1,1,1,1,1055,1054,1,0.5002370791844476,False
2113,1,3,1,13,1,-1,fib_only,4228,2,1057,4,2048,1,32,128,128,2176,2048,4,0.5151515151515151,False
2129,1,4,1,9,1,1,neither,2128,4,1064,2,2128,1,23,46,46,1086,1040,2,0.510818438381938,False
2131,3,1,3,11,-1,1,cm_only,2130,1,2130,1,1,1,1,1,1,1065,1064,1,0.5002348520432128,False
2137,1,2,1,17,1,-1,fib_only,4276,2,1069,4,296,1,36,144,144,2208,2064,4,0.5168539325842697,False
2141,1,1,5,1,1,1,neither,2140,2,535,4,419,-1,0,0,0,1068,1068,4,0.5,True
2143,3,3,7,3,-1,-1,DI,4288,6,2144,2,2142,-1,-53,0,0,2143,2143,2,0.5,True
2153,1,3,1,13,1,-1,fib_only,4308,2,1077,4,232,1,28,112,112,2208,2096,4,0.5130111524163569,False
2161,1,1,1,1,1,1,neither,80,4,40,2,2160,1,13,26,26,52,26,2,0.6666666666666666,False
2179,3,4,3,19,-1,1,cm_only,198,1,198,1,1,1,-11,-11,11,93,104,1,0.4720812182741117,False
2203,3,3,3,3,-1,-1,DI,4408,3,2204,2,2202,-1,25,0,0,2203,2203,2,0.5,True
2207,3,2,7,7,-1,-1,DI,64,6,32,2,2206,-1,1,0,0,31,31,2,0.5,True
2213,1,3,5,13,1,-1,fib_only,4428,2,1107,4,1083,-1,0,0,0,2212,2212,4,0.5,True
2221,1,1,5,1,1,1,neither,148,2,37,4,790,-1,0,0,0,72,72,4,0.5,True
2237,1,2,5,17,1,-1,fib_only,1492,2,373,4,1021,-1,0,0,0,744,744,4,0.5,True
2239,3,4,7,19,-1,1,cm_only,746,1,746,1,1,1,-23,-23,23,361,384,1,0.48456375838926175,False
2243,3,3,3,3,-1,-1,DI,1496,3,748,2,2242,-1,3,0,0,747,747,2,0.5,True
2251,3,1,3,11,-1,1,cm_only,750,1,750,1,1,1,-5,-5,5,372,377,1,0.49666221628838453,False
2267,3,2,3,7,-1,-1,DI,1512,3,756,2,2266,-1,25,0,0,755,755,2,0.5,True
2269,1,4,5,9,1,1,neither,324,2,81,4,1287,-1,0,0,0,160,160,4,0.5,True
2273,1,3,1,13,1,-1,fib_only,4548,2,1137,4,290,1,-8,-32,32,2256,2288,4,0.4964788732394366,False
2281,1,1,1,1,1,1,neither,760,3,380,2,2280,1,-15,-30,30,364,394,2,0.48021108179419525,False
2287,3,2,7,7,-1,-1,DI,4576,5,2288,2,2286,-1,57,0,0,2287,2287,2,0.5,True
2293,1,3,5,13,1,-1,fib_only,4588,2,1147,4,1693,-1,0,0,0,2292,2292,4,0.5,True
2297,1,2,1,17,1,-1,fib_only,4596,2,1149,4,1932,1,44,176,176,2384,2208,4,0.519163763066202,False
2309,1,4,5,9,1,1,neither,2308,2,577,4,688,-1,0,0,0,1152,1152,4,0.5,True
2311,3,1,7,11,-1,1,cm_only,2310,1,2310,1,1,1,1,1,1,1155,1154,1,0.5002165439584235,False
2333,1,3,5,13,1,-1,fib_only,1556,2,389,4,2225,-1,0,0,0,776,776,4,0.5,True
2339,3,4,3,19,-1,1,cm_only,2338,1,2338,1,1,1,-1,-1,1,1168,1169,1,0.49978605049208386,False
2341,1,1,5,1,1,1,neither,2340,2,585,4,2188,-1,0,0,0,1168,1168,4,0.5,True
2347,3,2,3,7,-1,-1,DI,4696,3,2348,2,2346,-1,-41,0,0,2347,2347,2,0.5,True
2351,3,1,7,11,-1,1,cm_only,2350,1,2350,1,1,1,1,1,1,1175,1174,1,0.5002128565346956,False
2357,1,2,5,17,1,-1,fib_only,4716,2,1179,4,1724,-1,0,0,0,2356,2356,4,0.5,True
2371,3,1,3,11,-1,1,cm_only,790,1,790,1,1,1,19,19,19,404,385,1,0.5120405576679341,False
2377,1,2,1,17,1,-1,fib_only,4756,2,1189,4,1134,1,44,176,176,2464,2288,4,0.5185185185185185,False
2381,1,1,5,1,1,1,neither,2380,2,595,4,69,-1,0,0,0,1188,1188,4,0.5,True
2383,3,3,7,3,-1,-1,DI,4768,5,2384,2,2382,-1,-29,0,0,2383,2383,2,0.5,True
2389,1,4,5,9,1,1,neither,398,1,398,1,1,1,13,13,13,205,192,1,0.5163727959697733,False
2393,1,3,1,13,1,-1,fib_only,4788,2,1197,4,971,1,-32,-128,128,2328,2456,4,0.4866220735785953,False
2399,3,4,7,19,-1,1,cm_only,2398,1,2398,1,1,1,-1,-1,1,1198,1199,1,0.49979140592407173,False
2411,3,1,3,11,-1,1,cm_only,2410,1,2410,1,1,1,1,1,1,1205,1204,1,0.5002075550020756,False
2417,1,2,1,17,1,-1,fib_only,124,2,31,4,592,1,2,8,8,64,56,4,0.5333333333333333,False
2423,3,3,7,3,-1,-1,DI,4848,4,2424,2,2422,-1,91,0,0,2423,2423,2,0.5,True
2437,1,2,5,17,1,-1,fib_only,4876,2,1219,4,398,-1,0,0,0,2436,2436,4,0.5,True
2441,1,1,1,1,1,1,neither,1220,2,305,4,672,1,-24,-96,96,560,656,4,0.4605263157894737,False
2447,3,2,7,7,-1,-1,DI,1632,5,816,2,2446,-1,11,0,0,815,815,2,0.5,True
2459,3,4,3,19,-1,1,cm_only,2458,1,2458,1,1,1,-1,-1,1,1228,1229,1,0.4997964997964998,False
2467,3,2,3,7,-1,-1,DI,4936,3,2468,2,2466,-1,-37,0,0,2467,2467,2,0.5,True
2473,1,3,1,13,1,-1,fib_only,4948,2,1237,4,1906,1,-48,-192,192,2376,2568,4,0.48058252427184467,False
2477,1,2,5,17,1,-1,fib_only,4956,2,1239,4,915,-1,0,0,0,2476,2476,4,0.5,True
2503,3,3,7,3,-1,-1,DI,5008,4,2504,2,2502,-1,55,0,0,2503,2503,2,0.5,True
2521,1,1,1,1,1,1,neither,120,3,60,2,2520,1,5,10,10,64,54,2,0.5423728813559322,False
2531,3,1,3,11,-1,1,cm_only,2530,1,2530,1,1,1,1,1,1,1265,1264,1,0.5001977066034006,False
2539,3,4,3,19,-1,1,cm_only,2538,1,2538,1,1,1,-1,-1,1,1268,1269,1,0.49980291683090267,False
2543,3,3,7,3,-1,-1,DI,5088,5,2544,2,2542,-1,43,0,0,2543,2543,2,0.5,True
2549,1,4,5,9,1,1,neither,2548,2,637,4,2192,-1,0,0,0,1272,1272,4,0.5,True
2551,3,1,7,11,-1,1,cm_only,2550,1,2550,1,1,1,1,1,1,1275,1274,1,0.5001961553550411,False
2557,1,2,5,17,1,-1,fib_only,5116,2,1279,4,1946,-1,0,0,0,2556,2556,4,0.5,True
2579,3,4,3,19,-1,1,cm_only,2578,1,2578,1,1,1,-1,-1,1,1288,1289,1,0.49980597594101667,False
2591,3,1,7,11,-1,1,cm_only,518,1,518,1,1,1,1,1,1,259,258,1,0.5009671179883946,False
2593,1,3,1,13,1,-1,fib_only,5188,2,1297,4,1675,1,48,192,192,2688,2496,4,0.5185185185185185,False
2609,1,4,1,9,1,1,neither,2608,4,1304,2,2608,1,47,94,94,1350,1256,2,0.5180353031465849,False
2617,1,2,1,17,1,-1,fib_only,5236,2,1309,4,1950,1,-4,-16,16,2608,2624,4,0.4984709480122324,False
2621,1,1,5,1,1,1,neither,1310,1,1310,1,1,1,-1,-1,1,654,655,1,0.49961802902979374,False
2633,1,3,1,13,1,-1,fib_only,5268,2,1317,4,1409,1,28,112,112,2688,2576,4,0.5106382978723404,False
2647,3,2,7,7,-1,-1,DI,5296,4,2648,2,2646,-1,33,0,0,2647,2647,2,0.5,True
2657,1,2,1,17,1,-1,fib_only,5316,2,1329,4,163,1,16,64,64,2688,2624,4,0.5060240963855421,False
2659,3,4,3,19,-1,1,cm_only,886,1,886,1,1,1,-19,-19,19,433,452,1,0.48926553672316386,False
2663,3,3,7,3,-1,-1,DI,1776,4,888,2,2662,-1,-7,0,0,887,887,2,0.5,True
2671,3,1,7,11,-1,1,cm_only,2670,1,2670,1,1,1,1,1,1,1335,1334,1,0.5001873360809291,False
2677,1,2,5,17,1,-1,fib_only,5356,2,1339,4,2127,-1,0,0,0,2676,2676,4,0.5,True
2683,3,3,3,3,-1,-1,DI,5368,3,2684,2,2682,-1,77,0,0,2683,2683,2,0.5,True
2687,3,2,7,7,-1,-1,DI,1792,8,896,2,2686,-1,-5,0,0,895,895,2,0.5,True
2689,1,4,1,9,1,1,neither,896,7,448,2,2688,1,11,22,22,458,436,2,0.5123042505592841,False
2693,1,3,5,13,1,-1,fib_only,5388,2,1347,4,1834,-1,0,0,0,2692,2692,4,0.5,True
2699,3,4,3,19,-1,1,cm_only,2698,1,2698,1,1,1,-1,-1,1,1348,1349,1,0.4998146088246199,False
2707,3,2,3,7,-1,-1,DI,5416,3,2708,2,2706,-1,19,0,0,2707,2707,2,0.5,True
2711,3,1,7,11,-1,1,cm_only,2710,1,2710,1,1,1,1,1,1,1355,1354,1,0.5001845699520118,False
2713,1,3,1,13,1,-1,fib_only,5428,2,1357,4,887,1,-52,-208,208,2608,2816,4,0.4808259587020649,False
2719,3,4,7,19,-1,1,cm_only,2718,1,2718,1,1,1,-1,-1,1,1358,1359,1,0.49981597350018403,False
2729,1,4,1,9,1,1,neither,682,1,682,1,1,1,3,3,3,342,339,1,0.5022026431718062,False
2731,3,1,3,11,-1,1,cm_only,390,1,390,1,1,1,11,11,11,200,189,1,0.5141388174807198,False
2741,1,1,5,1,1,1,neither,2740,2,685,4,656,-1,0,0,0,1368,1368,4,0.5,True
2749,1,4,5,9,1,1,neither,916,2,229,4,2109,-1,0,0,0,456,456,4,0.5,True
2753,1,3,1,13,1,-1,fib_only,1836,2,459,4,1959,1,22,88,88,960,872,4,0.5240174672489083,False
2767,3,2,7,7,-1,-1,DI,5536,5,2768,2,2766,-1,-19,0,0,2767,2767,2,0.5,True
2777,1,2,1,17,1,-1,fib_only,1852,2,463,4,2587,1,-34,-136,136,856,992,4,0.46320346320346323,False
2789,1,4,5,9,1,1,neither,164,2,41,4,167,-1,0,0,0,80,80,4,0.5,True
2791,3,1,7,11,-1,1,cm_only,2790,1,2790,1,1,1,1,1,1,1395,1394,1,0.5001792757260667,False
2797,1,2,5,17,1,-1,fib_only,5596,2,1399,4,2194,-1,0,0,0,2796,2796,4,0.5,True
2801,1,1,1,1,1,1,neither,1400,3,700,2,2800,1,-25,-50,50,674,724,2,0.4821173104434907,False
2803,3,3,3,3,-1,-1,DI,5608,3,2804,2,2802,-1,-71,0,0,2803,2803,2,0.5,True
2819,3,4,3,19,-1,1,cm_only,2818,1,2818,1,1,1,-1,-1,1,1408,1409,1,0.4998225062122826,False
2833,1,3,1,13,1,-1,fib_only,5668,2,1417,4,1357,1,48,192,192,2928,2736,4,0.5169491525423728,False
2837,1,2,5,17,1,-1,fib_only,5676,2,1419,4,416,-1,0,0,0,2836,2836,4,0.5,True
2843,3,3,3,3,-1,-1,DI,5688,3,2844,2,2842,-1,17,0,0,2843,2843,2,0.5,True
2851,3,1,3,11,-1,1,cm_only,2850,1,2850,1,1,1,1,1,1,1425,1424,1,0.5001755001755002,False
2857,1,2,1,17,1,-1,fib_only,5716,2,1429,4,896,1,16,64,64,2888,2824,4,0.5056022408963585,False
2861,1,1,5,1,1,1,neither,1430,1,1430,1,1,1,-1,-1,1,714,715,1,0.4996501049685094,False
2879,3,4,7,19,-1,1,cm_only,2878,1,2878,1,1,1,-1,-1,1,1438,1439,1,0.49982620785540494,False
2887,3,2,7,7,-1,-1,DI,5776,4,2888,2,2886,-1,5,0,0,2887,2887,2,0.5,True
2897,1,2,1,17,1,-1,fib_only,5796,2,1449,4,1777,1,-44,-176,176,2808,2984,4,0.48480662983425415,False
2903,3,3,7,3,-1,-1,DI,5808,4,2904,2,2902,-1,-73,0,0,2903,2903,2,0.5,True
2909,1,4,5,9,1,1,neither,2908,2,727,4,878,-1,0,0,0,1452,1452,4,0.5,True
2917,1,2,5,17,1,-1,fib_only,5836,2,1459,4,54,-1,0,0,0,2916,2916,4,0.5,True
2927,3,2,7,7,-1,-1,DI,5856,5,2928,2,2926,-1,-55,0,0,2927,2927,2,0.5,True
2939,3,4,3,19,-1,1,cm_only,2938,1,2938,1,1,1,-1,-1,1,1468,1469,1,0.49982975825672454,False
2953,1,3,1,13,1,-1,fib_only,5908,2,1477,4,1727,1,12,48,48,2976,2928,4,0.5040650406504065,False
2957,1,2,5,17,1,-1,fib_only,5916,2,1479,4,1735,-1,0,0,0,2956,2956,4,0.5,True
2963,3,3,3,3,-1,-1,DI,5928,3,2964,2,2962,-1,93,0,0,2963,2963,2,0.5,True
2969,1,4,1,9,1,1,neither,424,3,212,2,2968,1,31,62,62,242,180,2,0.5734597156398105,False
2971,3,1,3,11,-1,1,cm_only,2970,1,2970,1,1,1,1,1,1,1485,1484,1,0.5001684068710003,False
2999,3,4,7,19,-1,1,cm_only,2998,1,2998,1,1,1,-1,-1,1,1498,1499,1,0.49983316649983317,False
3001,1,1,1,1,1,1,neither,100,2,25,4,1353,1,16,64,64,80,16,4,0.8333333333333334,False
3011,3,1,3,11,-1,1,cm_only,3010,1,3010,1,1,1,1,1,1,1505,1504,1,0.5001661681621802,False
3019,3,4,3,19,-1,1,cm_only,3018,1,3018,1,1,1,-1,-1,1,1508,1509,1,0.4998342724560822,False
3023,3,3,7,3,-1,-1,DI,864,5,432,2,3022,-1,-3,0,0,431,431,2,0.5,True
3037,1,2,5,17,1,-1,fib_only,6076,2,1519,4,281,-1,0,0,0,3036,3036,4,0.5,True
3041,1,1,1,1,1,1,neither,160,5,80,2,3040,1,17,34,34,96,62,2,0.6075949367088608,False
3049,1,4,1,9,1,1,neither,762,1,762,1,1,1,23,23,23,392,369,1,0.5151116951379764,False
3061,1,1,5,1,1,1,neither,3060,2,765,4,501,-1,0,0,0,1528,1528,4,0.5,True
3067,3,2,3,7,-1,-1,DI,6136,3,3068,2,3066,-1,103,0,0,3067,3067,2,0.5,True
3079,3,4,7,19,-1,1,cm_only,162,1,162,1,1,1,17,17,17,89,72,1,0.5527950310559007,False
3083,3,3,3,3,-1,-1,DI,6168,3,3084,2,3082,-1,-43,0,0,3083,3083,2,0.5,True
3089,1,4,1,9,1,1,neither,1544,3,772,2,3088,1,-27,-54,54,744,798,2,0.48249027237354086,False
3109,1,4,5,9,1,1,neither,3108,2,777,4,2382,-1,0,0,0,1552,1552,4,0.5,True
3119,3,4,7,19,-1,1,cm_only,3118,1,3118,1,1,1,-1,-1,1,1558,1559,1,0.49983958934873274,False
3121,1,1,1,1,1,1,neither,520,3,260,2,3120,1,-9,-18,18,250,268,2,0.4826254826254826,False
3137,1,2,1,17,1,-1,fib_only,6276,2,1569,4,3081,1,-56,-224,224,3024,3248,4,0.48214285714285715,False
3163,3,3,3,3,-1,-1,DI,6328,3,3164,2,3162,-1,49,0,0,3163,3163,2,0.5,True
3167,3,2,7,7,-1,-1,DI,192,6,96,2,3166,-1,1,0,0,95,95,2,0.5,True
3169,1,4,1,9,1,1,neither,1584,4,792,2,3168,1,-27,-54,54,764,818,2,0.4829329962073325,False
3181,1,1,5,1,1,1,neither,3180,2,795,4,282,-1,0,0,0,1588,1588,4,0.5,True
3187,3,2,3,7,-1,-1,DI,6376,3,3188,2,3186,-1,-53,0,0,3187,3187,2,0.5,True
3191,3,1,7,11,-1,1,cm_only,3190,1,3190,1,1,1,1,1,1,1595,1594,1,0.5001567889620571,False
3203,3,3,3,3,-1,-1,DI,6408,3,3204,2,3202,-1,-27,0,0,3203,3203,2,0.5,True
3209,1,4,1,9,1,1,neither,3208,3,1604,2,3208,1,-53,-106,106,1550,1656,2,0.48346849656893326,False
3217,1,2,1,17,1,-1,fib_only,6436,2,1609,4,1436,1,56,224,224,3328,3104,4,0.5174129353233831,False
3221,1,1,5,1,1,1,neither,3220,2,805,4,234,-1,0,0,0,1608,1608,4,0.5,True
3229,1,4,5,9,1,1,neither,3228,2,807,4,839,-1,0,0,0,1612,1612,4,0.5,True
3251,3,1,3,11,-1,1,cm_only,650,1,650,1,1,1,1,1,1,325,324,1,0.5007704160246533,False
3253,1,3,5,13,1,-1,fib_only,6508,2,1627,4,1598,-1,0,0,0,3252,3252,4,0.5,True
3257,1,2,1,17,1,-1,fib_only,6516,2,1629,4,291,1,56,224,224,3368,3144,4,0.5171990171990172,False
3259,3,4,3,19,-1,1,cm_only,3258,1,3258,1,1,1,-1,-1,1,1628,1629,1,0.49984648449493396,False
3271,3,1,7,11,-1,1,cm_only,1090,1,1090,1,1,1,-1,-1,1,544,545,1,0.4995408631772268,False
3299,3,4,3,19,-1,1,cm_only,194,1,194,1,1,1,-9,-9,9,92,101,1,0.47668393782383417,False
3301,1,1,5,1,1,1,neither,1650,1,1650,1,1,1,-1,-1,1,824,825,1,0.4996967859308672,False
3307,3,2,3,7,-1,-1,DI,6616,3,3308,2,3306,-1,27,0,0,3307,3307,2,0.5,True
3313,1,3,1,13,1,-1,fib_only,6628,2,1657,4,2906,1,8,32,32,3328,3296,4,0.5024154589371981,False
3319,3,4,7,19,-1,1,cm_only,3318,1,3318,1,1,1,-1,-1,1,1658,1659,1,0.49984926138076574,False
3323,3,3,3,3,-1,-1,DI,2216,3,1108,2,3322,-1,39,0,0,1107,1107,2,0.5,True
3329,1,4,1,9,1,1,neither,416,5,208,2,3328,1,13,26,26,220,194,2,0.5314009661835749,False
3331,3,1,3,11,-1,1,cm_only,1110,1,1110,1,1,1,-5,-5,5,552,557,1,0.4977457168620379,False
3343,3,3,7,3,-1,-1,DI,6688,5,3344,2,3342,-1,-65,0,0,3343,3343,2,0.5,True
3347,3,2,3,7,-1,-1,DI,2232,3,1116,2,3346,-1,9,0,0,1115,1115,2,0.5,True
3359,3,4,7,19,-1,1,cm_only,3358,1,3358,1,1,1,-1,-1,1,1678,1679,1,0.49985105749180814,False
3361,1,1,1,1,1,1,neither,3360,5,1680,2,3360,1,-15,-30,30,1664,1694,2,0.49553305539011316,False
3371,3,1,3,11,-1,1,cm_only,3370,1,3370,1,1,1,1,1,1,1685,1684,1,0.5001484119916889,False
3373,1,3,5,13,1,-1,fib_only,6748,2,1687,4,2268,-1,0,0,0,3372,3372,4,0.5,True
3389,1,4,5,9,1,1,neither,1694,1,1694,1,1,1,1,1,1,847,846,1,0.5002953337271117,False
3391,3,1,7,11,-1,1,cm_only,1130,1,1130,1,1,1,39,39,39,584,545,1,0.5172719220549159,False
3407,3,2,7,7,-1,-1,DI,2272,5,1136,2,3406,-1,-21,0,0,1135,1135,2,0.5,True
3413,1,3,5,13,1,-1,fib_only,6828,2,1707,4,1942,-1,0,0,0,3412,3412,4,0.5,True
3433,1,3,1,13,1,-1,fib_only,6868,2,1717,4,1782,1,52,208,208,3536,3328,4,0.5151515151515151,False
3449,1,4,1,9,1,1,neither,3448,3,1724,2,3448,1,43,86,86,1766,1680,2,0.5124782356355194,False
3457,1,2,1,17,1,-1,fib_only,532,2,133,4,708,1,8,32,32,280,248,4,0.5303030303030303,False
3461,1,1,5,1,1,1,neither,1730,1,1730,1,1,1,-1,-1,1,864,865,1,0.4997108155002892,False
3463,3,3,7,3,-1,-1,DI,6928,4,3464,2,3462,-1,115,0,0,3463,3463,2,0.5,True
3467,3,2,3,7,-1,-1,DI,2312,3,1156,2,3466,-1,-71,0,0,1155,1155,2,0.5,True
3469,1,4,5,9,1,1,neither,102,1,102,1,1,1,5,5,5,53,48,1,0.5247524752475248,False
3491,3,1,3,11,-1,1,cm_only,3490,1,3490,1,1,1,1,1,1,1745,1744,1,0.5001433075379765,False
3499,3,4,3,19,-1,1,cm_only,1166,1,1166,1,1,1,37,37,37,601,564,1,0.5158798283261803,False
3511,3,1,7,11,-1,1,cm_only,3510,1,3510,1,1,1,1,1,1,1755,1754,1,0.500142490738102,False
3517,1,2,5,17,1,-1,fib_only,7036,2,1759,4,2921,-1,0,0,0,3516,3516,4,0.5,True
3527,3,2,7,7,-1,-1,DI,7056,4,3528,2,3526,-1,-23,0,0,3527,3527,2,0.5,True
3529,1,4,1,9,1,1,neither,588,2,147,4,808,1,-10,-40,40,272,312,4,0.4657534246575342,False
3533,1,3,5,13,1,-1,fib_only,2356,2,589,4,2985,-1,0,0,0,1176,1176,4,0.5,True
3539,3,4,3,19,-1,1,cm_only,3538,1,3538,1,1,1,-1,-1,1,1768,1769,1,0.49985863726321744,False
3541,1,1,5,1,1,1,neither,3540,2,885,4,852,-1,0,0,0,1768,1768,4,0.5,True
3547,3,2,3,7,-1,-1,DI,7096,3,3548,2,3546,-1,-113,0,0,3547,3547,2,0.5,True
3557,1,2,5,17,1,-1,fib_only,2372,2,593,4,2614,-1,0,0,0,1184,1184,4,0.5,True
3559,3,4,7,19,-1,1,cm_only,3558,1,3558,1,1,1,-1,-1,1,1778,1779,1,0.49985943210570705,False
3571,3,1,3,11,-1,1,cm_only,34,1,34,1,1,1,9,9,9,21,12,1,0.6363636363636364,False
3581,1,1,5,1,1,1,neither,1790,1,1790,1,1,1,-1,-1,1,894,895,1,0.49972051425377306,False
3583,3,3,7,3,-1,-1,DI,7168,10,3584,2,3582,-1,-69,0,0,3583,3583,2,0.5,True
3593,1,3,1,13,1,-1,fib_only,7188,2,1797,4,1153,1,-28,-112,112,3536,3648,4,0.4922048997772829,False
3607,3,2,7,7,-1,-1,DI,7216,4,3608,2,3606,-1,-3,0,0,3607,3607,2,0.5,True
3613,1,3,5,13,1,-1,fib_only,7228,2,1807,4,3528,-1,0,0,0,3612,3612,4,0.5,True
3617,1,2,1,17,1,-1,fib_only,2412,2,603,4,1234,1,42,168,168,1288,1120,4,0.5348837209302325,False
3623,3,3,7,3,-1,-1,DI,2416,4,1208,2,3622,-1,9,0,0,1207,1207,2,0.5,True
3631,3,1,7,11,-1,1,cm_only,1210,1,1210,1,1,1,-25,-25,25,592,617,1,0.48966087675765096,False
3637,1,2,5,17,1,-1,fib_only,7276,2,1819,4,1027,-1,0,0,0,3636,3636,4,0.5,True
3643,3,3,3,3,-1,-1,DI,7288,3,3644,2,3642,-1,9,0,0,3643,3643,2,0.5,True
3659,3,4,3,19,-1,1,cm_only,3658,1,3658,1,1,1,-1,-1,1,1828,1829,1,0.4998632759092152,False
3671,3,1,7,11,-1,1,cm_only,3670,1,3670,1,1,1,1,1,1,1835,1834,1,0.5001362769146906,False
3673,1,3,1,13,1,-1,fib_only,7348,2,1837,4,2679,1,48,192,192,3768,3576,4,0.5130718954248366,False
3677,1,2,5,17,1,-1,fib_only,7356,2,1839,4,2368,-1,0,0,0,3676,3676,4,0.5,True
3691,3,1,3,11,-1,1,cm_only,3690,1,3690,1,1,1,1,1,1,1845,1844,1,0.5001355380862023,False
3697,1,2,1,17,1,-1,fib_only,7396,2,1849,4,2566,1,36,144,144,3768,3624,4,0.5097402597402597,False
3701,1,1,5,1,1,1,neither,3700,2,925,4,1279,-1,0,0,0,1848,1848,4,0.5,True
3709,1,4,5,9,1,1,neither,3708,2,927,4,2100,-1,0,0,0,1852,1852,4,0.5,True
3719,3,4,7,19,-1,1,cm_only,3718,1,3718,1,1,1,-1,-1,1,1858,1859,1,0.4998654829163304,False
3727,3,2,7,7,-1,-1,DI,7456,5,3728,2,3726,-1,33,0,0,3727,3727,2,0.5,True
3733,1,3,5,13,1,-1,fib_only,7468,2,1867,4,2882,-1,0,0,0,3732,3732,4,0.5,True
3739,3,4,3,19,-1,1,cm_only,534,1,534,1,1,1,13,13,13,273,260,1,0.5121951219512195,False
3761,1,1,1,1,1,1,neither,3760,4,1880,2,3760,1,25,50,50,1904,1854,2,0.506652474720596,False
3767,3,2,7,7,-1,-1,DI,2512,4,1256,2,3766,-1,83,0,0,1255,1255,2,0.5,True
3769,1,4,1,9,1,1,neither,3768,3,1884,2,3768,1,-13,-26,26,1870,1896,2,0.4965480616038237,False
3779,3,4,3,19,-1,1,cm_only,3778,1,3778,1,1,1,-1,-1,1,1888,1889,1,0.4998676198040773,False
3793,1,3,1,13,1,-1,fib_only,7588,2,1897,4,803,1,52,208,208,3896,3688,4,0.5137130801687764,False
3797,1,2,5,17,1,-1,fib_only,7596,2,1899,4,3055,-1,0,0,0,3796,3796,4,0.5,True
3803,3,3,3,3,-1,-1,DI,7608,3,3804,2,3802,-1,49,0,0,3803,3803,2,0.5,True
3821,1,1,5,1,1,1,neither,1910,1,1910,1,1,1,-1,-1,1,954,955,1,0.49973808276584597,False
3823,3,3,7,3,-1,-1,DI,7648,5,3824,2,3822,-1,27,0,0,3823,3823,2,0.5,True
3833,1,3,1,13,1,-1,fib_only,7668,2,1917,4,361,1,32,128,128,3896,3768,4,0.5083507306889353,False
3847,3,2,7,7,-1,-1,DI,7696,4,3848,2,3846,-1,-51,0,0,3847,3847,2,0.5,True
3851,3,1,3,11,-1,1,cm_only,770,1,770,1,1,1,25,25,25,397,372,1,0.5162548764629389,False
3853,1,3,5,13,1,-1,fib_only,7708,2,1927,4,2548,-1,0,0,0,3852,3852,4,0.5,True
3863,3,3,7,3,-1,-1,DI,7728,4,3864,2,3862,-1,47,0,0,3863,3863,2,0.5,True
3877,1,2,5,17,1,-1,fib_only,7756,2,1939,4,502,-1,0,0,0,3876,3876,4,0.5,True
3881,1,1,1,1,1,1,neither,1940,2,485,4,197,1,16,64,64,1000,936,4,0.5165289256198347,False
3889,1,4,1,9,1,1,neither,3888,4,1944,2,3888,1,-17,-34,34,1926,1960,2,0.49562532166752443,False
3907,3,2,3,7,-1,-1,DI,7816,3,3908,2,3906,-1,71,0,0,3907,3907,2,0.5,True
3911,3,1,7,11,-1,1,cm_only,3910,1,3910,1,1,1,1,1,1,1955,1954,1,0.5001279099513942,False
3917,1,2,5,17,1,-1,fib_only,7836,2,1959,4,835,-1,0,0,0,3916,3916,4,0.5,True
3919,3,4,7,19,-1,1,cm_only,1306,1,1306,1,1,1,41,41,41,673,632,1,0.5157088122605364,False
3923,3,3,3,3,-1,-1,DI,7848,3,3924,2,3922,-1,53,0,0,3923,3923,2,0.5,True
3929,1,4,1,9,1,1,neither,982,1,982,1,1,1,-17,-17,17,482,499,1,0.49133537206931704,False
3931,3,1,3,11,-1,1,cm_only,3930,1,3930,1,1,1,1,1,1,1965,1964,1,0.5001272588444897,False
3943,3,3,7,3,-1,-1,DI,7888,4,3944,2,3942,-1,67,0,0,3943,3943,2,0.5,True
3947,3,2,3,7,-1,-1,DI,2632,3,1316,2,3946,-1,13,0,0,1315,1315,2,0.5,True
3967,3,2,7,7,-1,-1,DI,7936,8,3968,2,3966,-1,17,0,0,3967,3967,2,0.5,True
3989,1,4,5,9,1,1,neither,1994,1,1994,1,1,1,1,1,1,997,996,1,0.5002508780732564,False
4001,1,1,1,1,1,1,neither,2000,4,1000,2,4000,1,-25,-50,50,974,1024,2,0.4874874874874875,False
4003,3,3,3,3,-1,-1,DI,8008,3,4004,2,4002,-1,25,0,0,4003,4003,2,0.5,True
4007,3,2,7,7,-1,-1,DI,8016,4,4008,2,4006,-1,101,0,0,4007,4007,2,0.5,True
4013,1,3,5,13,1,-1,fib_only,892,2,223,4,1230,-1,0,0,0,444,444,4,0.5,True
4019,3,4,3,19,-1,1,cm_only,4018,1,4018,1,1,1,-1,-1,1,2008,2009,1,0.4998755290017426,False
4021,1,1,5,1,1,1,neither,134,1,134,1,1,1,-25,-25,25,54,79,1,0.40601503759398494,False
4027,3,2,3,7,-1,-1,DI,8056,3,4028,2,4026,-1,107,0,0,4027,4027,2,0.5,True
4049,1,4,1,9,1,1,neither,2024,3,1012,2,4048,1,-27,-54,54,984,1038,2,0.486646884272997,False
4051,3,1,3,11,-1,1,cm_only,1350,1,1350,1,1,1,19,19,19,684,665,1,0.5070422535211268,False
4057,1,2,1,17,1,-1,fib_only,8116,2,2029,4,2200,1,24,96,96,4104,4008,4,0.5059171597633136,False
4073,1,3,1,13,1,-1,fib_only,8148,2,2037,4,3524,1,-52,-208,208,3968,4176,4,0.48722986247544203,False
4079,3,4,7,19,-1,1,cm_only,4078,1,4078,1,1,1,-1,-1,1,2038,2039,1,0.4998773608045131,False
4091,3,1,3,11,-1,1,cm_only,4090,1,4090,1,1,1,1,1,1,2045,2044,1,0.5001222792858889,False
4093,1,3,5,13,1,-1,fib_only,8188,2,2047,4,1059,-1,0,0,0,4092,4092,4,0.5,True
4099,3,4,3,19,-1,1,cm_only,4098,1,4098,1,1,1,-1,-1,1,2048,2049,1,0.4998779594825482,False
4111,3,1,7,11,-1,1,cm_only,4110,1,4110,1,1,1,1,1,1,2055,2054,1,0.5001216841080555,False
4127,3,2,7,7,-1,-1,DI,8256,6,4128,2,4126,-1,77,0,0,4127,4127,2,0.5,True
4129,1,4,1,9,1,1,neither,4128,5,2064,2,4128,1,23,46,46,2086,2040,2,0.5055744062045565,False
4133,1,3,5,13,1,-1,fib_only,2756,2,689,4,3400,-1,0,0,0,1376,1376,4,0.5,True
4139,3,4,3,19,-1,1,cm_only,4138,1,4138,1,1,1,-1,-1,1,2068,2069,1,0.49987913947304813,False
4153,1,3,1,13,1,-1,fib_only,8308,2,2077,4,1643,1,48,192,192,4248,4056,4,0.5115606936416185,False
4157,1,2,5,17,1,-1,fib_only,1188,2,297,4,1761,-1,0,0,0,592,592,4,0.5,True
4159,3,4,7,19,-1,1,cm_only,1386,1,1386,1,1,1,-15,-15,15,685,700,1,0.49458483754512633,False
4177,1,2,1,17,1,-1,fib_only,8356,2,2089,4,457,1,-64,-256,256,4048,4304,4,0.4846743295019157,False
4201,1,1,1,1,1,1,neither,2100,2,525,4,3047,1,-12,-48,48,1024,1072,4,0.48854961832061067,False
4211,3,1,3,11,-1,1,cm_only,4210,1,4210,1,1,1,1,1,1,2105,2104,1,0.5001187930624852,False
4217,1,2,1,17,1,-1,fib_only,8436,2,2109,4,2306,1,-64,-256,256,4088,4344,4,0.484819734345351,False
4219,3,4,3,19,-1,1,cm_only,4218,1,4218,1,1,1,-1,-1,1,2108,2109,1,0.49988143229784204,False
4229,1,4,5,9,1,1,neither,2114,1,2114,1,1,1,1,1,1,1057,1056,1,0.5002366303833412,False
4231,3,1,7,11,-1,1,cm_only,1410,1,1410,1,1,1,39,39,39,724,685,1,0.5138396025550035,False
4241,1,1,1,1,1,1,neither,4240,4,2120,2,4240,1,65,130,130,2184,2054,2,0.5153374233128835,False
4243,3,3,3,3,-1,-1,DI,8488,3,4244,2,4242,-1,-59,0,0,4243,4243,2,0.5,True
4253,1,3,5,13,1,-1,fib_only,8508,2,2127,4,3692,-1,0,0,0,4252,4252,4,0.5,True
4259,3,4,3,19,-1,1,cm_only,4258,1,4258,1,1,1,-1,-1,1,2128,2129,1,0.4998825463941743,False
4261,1,1,5,1,1,1,neither,1420,2,355,4,721,-1,0,0,0,708,708,4,0.5,True
4271,3,1,7,11,-1,1,cm_only,4270,1,4270,1,1,1,1,1,1,2135,2134,1,0.5001171234481143,False
4273,1,3,1,13,1,-1,fib_only,8548,2,2137,4,1200,1,-32,-128,128,4208,4336,4,0.49250936329588013,False
4283,3,3,3,3,-1,-1,DI,1224,3,612,2,4282,-1,3,0,0,611,611,2,0.5,True
4289,1,4,1,9,1,1,neither,1072,4,536,2,4288,1,33,66,66,568,502,2,0.5308411214953271,False
4297,1,2,1,17,1,-1,fib_only,8596,2,2149,4,2325,1,24,96,96,4344,4248,4,0.505586592178771,False
4327,3,2,7,7,-1,-1,DI,8656,4,4328,2,4326,-1,-95,0,0,4327,4327,2,0.5,True
4337,1,2,1,17,1,-1,fib_only,8676,2,2169,4,3451,1,-44,-176,176,4248,4424,4,0.48985239852398527,False
4339,3,4,3,19,-1,1,cm_only,4338,1,4338,1,1,1,-1,-1,1,2168,2169,1,0.4998847129352087,False
4349,1,4,5,9,1,1,neither,4348,2,1087,4,3741,-1,0,0,0,2172,2172,4,0.5,True
4357,1,2,5,17,1,-1,fib_only,8716,2,2179,4,4291,-1,0,0,0,4356,4356,4,0.5,True
4363,3,3,3,3,-1,-1,DI,8728,3,4364,2,4362,-1,77,0,0,4363,4363,2,0.5,True
4373,1,3,5,13,1,-1,fib_only,324,2,81,4,1904,-1,0,0,0,160,160,4,0.5,True
4391,3,1,7,11,-1,1,cm_only,878,1,878,1,1,1,1,1,1,439,438,1,0.500570125427594,False
4397,1,2,5,17,1,-1,fib_only,8796,2,2199,4,3892,-1,0,0,0,4396,4396,4,0.5,True
4409,1,4,1,9,1,1,neither,4408,3,2204,2,4408,1,-53,-106,106,2150,2256,2,0.4879709487063096,False
4421,1,1,5,1,1,1,neither,4420,2,1105,4,952,-1,0,0,0,2208,2208,4,0.5,True
4423,3,3,7,3,-1,-1,DI,8848,4,4424,2,4422,-1,51,0,0,4423,4423,2,0.5,True
4441,1,1,1,1,1,1,neither,222,1,222,1,1,1,41,41,41,131,90,1,0.5927601809954751,False
4447,3,2,7,7,-1,-1,DI,8896,6,4448,2,4446,-1,85,0,0,4447,4447,2,0.5,True
4451,3,1,3,11,-1,1,cm_only,4450,1,4450,1,1,1,1,1,1,2225,2224,1,0.5001123848055743,False
4457,1,2,1,17,1,-1,fib_only,8916,2,2229,4,2577,1,64,256,256,4584,4328,4,0.5143626570915619,False
4463,3,3,7,3,-1,-1,DI,8928,5,4464,2,4462,-1,-61,0,0,4463,4463,2,0.5,True
4481,1,1,1,1,1,1,neither,128,7,64,2,4480,1,-15,-30,30,48,78,2,0.38095238095238093,False
4483,3,3,3,3,-1,-1,DI,8968,3,4484,2,4482,-1,37,0,0,4483,4483,2,0.5,True
4493,1,3,5,13,1,-1,fib_only,2996,2,749,4,2280,-1,0,0,0,1496,1496,4,0.5,True
4507,3,2,3,7,-1,-1,DI,9016,3,4508,2,4506,-1,63,0,0,4507,4507,2,0.5,True
4513,1,3,1,13,1,-1,fib_only,244,2,61,4,95,1,0,0,0,120,120,4,0.5,True
4517,1,2,5,17,1,-1,fib_only,9036,2,2259,4,3043,-1,0,0,0,4516,4516,4,0.5,True
4519,3,4,7,19,-1,1,cm_only,4518,1,4518,1,1,1,-1,-1,1,2258,2259,1,0.4998893070622094,False
4523,3,3,3,3,-1,-1,DI,9048,3,4524,2,4522,-1,1,0,0,4523,4523,2,0.5,True
4547,3,2,3,7,-1,-1,DI,3032,3,1516,2,4546,-1,57,0,0,1515,1515,2,0.5,True
4549,1,4,5,9,1,1,neither,2274,1,2274,1,1,1,1,1,1,1137,1136,1,0.5002199736031676,False
4561,1,1,1,1,1,1,neither,760,3,380,2,4560,1,31,62,62,410,348,2,0.5408970976253298,False
4567,3,2,7,7,-1,-1,DI,9136,4,4568,2,4566,-1,73,0,0,4567,4567,2,0.5,True
4583,3,3,7,3,-1,-1,DI,3056,4,1528,2,4582,-1,69,0,0,1527,1527,2,0.5,True
4591,3,1,7,11,-1,1,cm_only,4590,1,4590,1,1,1,1,1,1,2295,2294,1,0.5001089561996077,False
4597,1,2,5,17,1,-1,fib_only,9196,2,2299,4,2468,-1,0,0,0,4596,4596,4,0.5,True
4603,3,3,3,3,-1,-1,DI,9208,3,4604,2,4602,-1,-67,0,0,4603,4603,2,0.5,True
4621,1,1,5,1,1,1,neither,462,1,462,1,1,1,47,47,47,254,207,1,0.5509761388286334,False
4637,1,2,5,17,1,-1,fib_only,3092,2,773,4,2044,-1,0,0,0,1544,1544,4,0.5,True
4639,3,4,7,19,-1,1,cm_only,4638,1,4638,1,1,1,-1,-1,1,2318,2319,1,0.49989217166271294,False
4643,3,3,3,3,-1,-1,DI,3096,3,1548,2,4642,-1,71,0,0,1547,1547,2,0.5,True
4649,1,4,1,9,1,1,neither,1162,1,1162,1,1,1,3,3,3,582,579,1,0.5012919896640827,False
4651,3,1,3,11,-1,1,cm_only,930,1,930,1,1,1,25,25,25,477,452,1,0.5134553283100107,False
4657,1,2,1,17,1,-1,fib_only,9316,2,2329,4,1912,1,-56,-224,224,4544,4768,4,0.4879725085910653,False
4663,3,3,7,3,-1,-1,DI,9328,4,4664,2,4662,-1,-45,0,0,4663,4663,2,0.5,True
4673,1,3,1,13,1,-1,fib_only,9348,2,2337,4,1993,1,-68,-272,272,4536,4808,4,0.4854452054794521,False
4679,3,4,7,19,-1,1,cm_only,4678,1,4678,1,1,1,-1,-1,1,2338,2339,1,0.49989309386358777,False
4691,3,1,3,11,-1,1,cm_only,938,1,938,1,1,1,1,1,1,469,468,1,0.5005336179295624,False
4703,3,3,7,3,-1,-1,DI,3136,6,1568,2,4702,-1,85,0,0,1567,1567,2,0.5,True
4721,1,1,1,1,1,1,neither,4720,4,2360,2,4720,1,25,50,50,2384,2334,2,0.5052988554472234,False
4723,3,3,3,3,-1,-1,DI,9448,3,4724,2,4722,-1,-67,0,0,4723,4723,2,0.5,True
4729,1,4,1,9,1,1,neither,2364,2,591,4,3364,1,6,24,24,1192,1168,4,0.5050847457627119,False
4733,1,3,5,13,1,-1,fib_only,1052,2,263,4,3836,-1,0,0,0,524,524,4,0.5,True
4751,3,1,7,11,-1,1,cm_only,950,1,950,1,1,1,1,1,1,475,474,1,0.5005268703898841,False
4759,3,4,7,19,-1,1,cm_only,1586,1,1586,1,1,1,9,9,9,797,788,1,0.5028391167192429,False
4783,3,3,7,3,-1,-1,DI,9568,5,4784,2,4782,-1,59,0,0,4783,4783,2,0.5,True
4787,3,2,3,7,-1,-1,DI,9576,3,4788,2,4786,-1,19,0,0,4787,4787,2,0.5,True
4789,1,4,5,9,1,1,neither,2394,1,2394,1,1,1,1,1,1,1197,1196,1,0.5002089427496866,False
4793,1,3,1,13,1,-1,fib_only,9588,2,2397,4,1480,1,-68,-272,272,4656,4928,4,0.48580968280467446,False
4799,3,4,7,19,-1,1,cm_only,4798,1,4798,1,1,1,-1,-1,1,2398,2399,1,0.4998957681884511,False
4801,1,1,1,1,1,1,neither,4800,6,2400,2,4800,1,65,130,130,2464,2334,2,0.5135473113797415,False
4813,1,3,5,13,1,-1,fib_only,9628,2,2407,4,2945,-1,0,0,0,4812,4812,4,0.5,True
4817,1,2,1,17,1,-1,fib_only,9636,2,2409,4,1291,1,-56,-224,224,4704,4928,4,0.4883720930232558,False
4831,3,1,7,11,-1,1,cm_only,690,1,690,1,1,1,-17,-17,17,336,353,1,0.4876632801161103,False
4861,1,1,5,1,1,1,neither,810,1,810,1,1,1,15,15,15,412,397,1,0.5092707045735476,False
4871,3,1,7,11,-1,1,cm_only,974,1,974,1,1,1,9,9,9,491,482,1,0.5046248715313464,False
4877,1,2,5,17,1,-1,fib_only,9756,2,2439,4,4158,-1,0,0,0,4876,4876,4,0.5,True
4889,1,4,1,9,1,1,neither,4888,3,2444,2,4888,1,67,134,134,2510,2376,2,0.5137126483831355,False
4903,3,3,7,3,-1,-1,DI,9808,4,4904,2,4902,-1,51,0,0,4903,4903,2,0.5,True
4909,1,4,5,9,1,1,neither,1636,2,409,4,1613,-1,0,0,0,816,816,4,0.5,True
4919,3,4,7,19,-1,1,cm_only,4918,1,4918,1,1,1,-1,-1,1,2458,2459,1,0.4998983119788489,False
4931,3,1,3,11,-1,1,cm_only,4930,1,4930,1,1,1,1,1,1,2465,2464,1,0.5001014404544533,False
4933,1,3,5,13,1,-1,fib_only,9868,2,2467,4,1194,-1,0,0,0,4932,4932,4,0.5,True
4937,1,2,1,17,1,-1,fib_only,9876,2,2469,4,849,1,-64,-256,256,4808,5064,4,0.48703403565640196,False
4943,3,3,7,3,-1,-1,DI,9888,5,4944,2,4942,-1,59,0,0,4943,4943,2,0.5,True
4951,3,1,7,11,-1,1,cm_only,4950,1,4950,1,1,1,1,1,1,2475,2474,1,0.5001010305112144,False
4957,1,2,5,17,1,-1,fib_only,9916,2,2479,4,359,-1,0,0,0,4956,4956,4,0.5,True
4967,3,2,7,7,-1,-1,DI,9936,4,4968,2,4966,-1,-55,0,0,4967,4967,2,0.5,True
4969,1,4,1,9,1,1,neither,184,3,92,2,4968,1,-5,-10,10,86,96,2,0.4725274725274725,False
4973,1,3,5,13,1,-1,fib_only,9948,2,2487,4,223,-1,0,0,0,4972,4972,4,0.5,True
4987,3,2,3,7,-1,-1,DI,9976,3,4988,2,4986,-1,3,0,0,4987,4987,2,0.5,True
4993,1,3,1,13,1,-1,fib_only,9988,2,2497,4,158,1,-32,-128,128,4928,5056,4,0.4935897435897436,False
4999,3,4,7,19,-1,1,cm_only,4998,1,4998,1,1,1,-1,-1,1,2498,2499,1,0.4998999399639784,False
5003,3,3,3,3,-1,-1,DI,10008,3,5004,2,5002,-1,-83,0,0,5003,5003,2,0.5,True
5009,1,4,1,9,1,1,neither,1252,2,313,4,539,1,32,128,128,688,560,4,0.5512820512820513,False
5011,3,1,3,11,-1,1,cm_only,5010,1,5010,1,1,1,1,1,1,2505,2504,1,0.5000998203234178,False
5021,1,1,5,1,1,1,neither,2510,1,2510,1,1,1,-1,-1,1,1254,1255,1,0.4998007174172977,False
5023,3,3,7,3,-1,-1,DI,10048,6,5024,2,5022,-1,-33,0,0,5023,5023,2,0.5,True
5039,3,4,7,19,-1,1,cm_only,5038,1,5038,1,1,1,-1,-1,1,2518,2519,1,0.49990073456422474,False
5051,3,1,3,11,-1,1,cm_only,5050,1,5050,1,1,1,1,1,1,2525,2524,1,0.5000990295107942,False
5059,3,4,3,19,-1,1,cm_only,1686,1,1686,1,1,1,-3,-3,3,841,844,1,0.49910979228486646,False
5077,1,2,5,17,1,-1,fib_only,10156,2,2539,4,858,-1,0,0,0,5076,5076,4,0.5,True
5081,1,1,1,1,1,1,neither,254,1,254,1,1,1,45,45,45,149,104,1,0.5889328063241107,False
5087,3,2,7,7,-1,-1,DI,10176,6,5088,2,5086,-1,-71,0,0,5087,5087,2,0.5,True
5099,3,4,3,19,-1,1,cm_only,5098,1,5098,1,1,1,-1,-1,1,2548,2549,1,0.4999019030802433,False
5101,1,1,5,1,1,1,neither,2550,1,2550,1,1,1,-1,-1,1,1274,1275,1,0.4998038446449588,False
5107,3,2,3,7,-1,-1,DI,10216,3,5108,2,5106,-1,-1,0,0,5107,5107,2,0.5,True
5113,1,3,1,13,1,-1,fib_only,10228,2,2557,4,3088,1,-48,-192,192,5016,5208,4,0.49061032863849763,False
5119,3,4,7,19,-1,1,cm_only,5118,1,5118,1,1,1,-1,-1,1,2558,2559,1,0.4999022864959937,False
5147,3,2,3,7,-1,-1,DI,1144,3,572,2,5146,-1,35,0,0,571,571,2,0.5,True
5153,1,3,1,13,1,-1,fib_only,10308,2,2577,4,227,1,68,272,272,5288,5016,4,0.5131987577639752,False
5167,3,2,7,7,-1,-1,DI,10336,5,5168,2,5166,-1,-79,0,0,5167,5167,2,0.5,True
5171,3,1,3,11,-1,1,cm_only,5170,1,5170,1,1,1,1,1,1,2585,2584,1,0.5000967305088024,False
5179,3,4,3,19,-1,1,cm_only,5178,1,5178,1,1,1,-1,-1,1,2588,2589,1,0.4999034189685146,False
5189,1,4,5,9,1,1,neither,5188,2,1297,4,2446,-1,0,0,0,2592,2592,4,0.5,True
5197,1,2,5,17,1,-1,fib_only,10396,2,2599,4,3228,-1,0,0,0,5196,5196,4,0.5,True
5209,1,4,1,9,1,1,neither,2604,2,651,4,2098,1,22,88,88,1344,1256,4,0.5169230769230769,False
5227,3,2,3,7,-1,-1,DI,10456,3,5228,2,5226,-1,59,0,0,5227,5227,2,0.5,True
5231,3,1,7,11,-1,1,cm_only,5230,1,5230,1,1,1,1,1,1,2615,2614,1,0.5000956205775483,False
5233,1,3,1,13,1,-1,fib_only,10468,2,2617,4,2253,1,72,288,288,5376,5088,4,0.5137614678899083,False
5237,1,2,5,17,1,-1,fib_only,3492,2,873,4,4868,-1,0,0,0,1744,1744,4,0.5,True
5261,1,1,5,1,1,1,neither,2630,1,2630,1,1,1,-1,-1,1,1314,1315,1,0.499809813617345,False
5273,1,3,1,13,1,-1,fib_only,10548,2,2637,4,944,1,-28,-112,112,5216,5328,4,0.4946889226100152,False
5279,3,4,7,19,-1,1,cm_only,5278,1,5278,1,1,1,-1,-1,1,2638,2639,1,0.49990524919461815,False
5281,1,1,1,1,1,1,neither,528,4,264,2,5280,1,27,54,54,290,236,2,0.5513307984790875,False
5297,1,2,1,17,1,-1,fib_only,3532,2,883,4,2313,1,-42,-168,168,1680,1848,4,0.47619047619047616,False
5303,3,3,7,3,-1,-1,DI,10608,4,5304,2,5302,-1,-37,0,0,5303,5303,2,0.5,True
5309,1,4,5,9,1,1,neither,5308,2,1327,4,3505,-1,0,0,0,2652,2652,4,0.5,True
5323,3,3,3,3,-1,-1,DI,10648,3,5324,2,5322,-1,17,0,0,5323,5323,2,0.5,True
5333,1,3,5,13,1,-1,fib_only,3556,2,889,4,2630,-1,0,0,0,1776,1776,4,0.5,True
5347,3,2,3,7,-1,-1,DI,10696,3,5348,2,5346,-1,-17,0,0,5347,5347,2,0.5,True
5351,3,1,7,11,-1,1,cm_only,5350,1,5350,1,1,1,1,1,1,2675,2674,1,0.5000934754159656,False
5381,1,1,5,1,1,1,neither,1076,2,269,4,3642,-1,0,0,0,536,536,4,0.5,True
5387,3,2,3,7,-1,-1,DI,10776,3,5388,2,5386,-1,55,0,0,5387,5387,2,0.5,True
5393,1,3,1,13,1,-1,fib_only,10788,2,2697,4,665,1,-8,-32,32,5376,5408,4,0.49851632047477745,False
5399,3,4,7,19,-1,1,cm_only,5398,1,5398,1,1,1,-1,-1,1,2698,2699,1,0.49990735593848434,False
5407,3,2,7,7,-1,-1,DI,10816,6,5408,2,5406,-1,-123,0,0,5407,5407,2,0.5,True
5413,1,3,5,13,1,-1,fib_only,10828,2,2707,4,4984,-1,0,0,0,5412,5412,4,0.5,True
5417,1,2,1,17,1,-1,fib_only,516,2,129,4,5049,1,8,32,32,272,240,4,0.53125,False
5419,3,4,3,19,-1,1,cm_only,5418,1,5418,1,1,1,-1,-1,1,2708,2709,1,0.49990769798781615,False
5431,3,1,7,11,-1,1,cm_only,5430,1,5430,1,1,1,1,1,1,2715,2714,1,0.5000920979922637,False
5437,1,2,5,17,1,-1,fib_only,10876,2,2719,4,4807,-1,0,0,0,5436,5436,4,0.5,True
5441,1,1,1,1,1,1,neither,1360,4,680,2,5440,1,7,14,14,686,672,2,0.5051546391752577,False
5443,3,3,3,3,-1,-1,DI,10888,3,5444,2,5442,-1,97,0,0,5443,5443,2,0.5,True
5449,1,4,1,9,1,1,neither,5448,3,2724,2,5448,1,43,86,86,2766,2680,2,0.5078957032684539,False
5471,3,1,7,11,-1,1,cm_only,5470,1,5470,1,1,1,1,1,1,2735,2734,1,0.5000914243920278,False
5477,1,2,5,17,1,-1,fib_only,10956,2,2739,4,74,-1,0,0,0,5476,5476,4,0.5,True
5479,3,4,7,19,-1,1,cm_only,5478,1,5478,1,1,1,-1,-1,1,2738,2739,1,0.4999087091473434,False
5483,3,3,3,3,-1,-1,DI,10968,3,5484,2,5482,-1,85,0,0,5483,5483,2,0.5,True
5501,1,1,5,1,1,1,neither,5500,2,1375,4,1115,-1,0,0,0,2748,2748,4,0.5,True
5503,3,3,7,3,-1,-1,DI,11008,8,5504,2,5502,-1,-101,0,0,5503,5503,2,0.5,True
5507,3,2,3,7,-1,-1,DI,11016,3,5508,2,5506,-1,-37,0,0,5507,5507,2,0.5,True
5519,3,4,7,19,-1,1,cm_only,5518,1,5518,1,1,1,-1,-1,1,2758,2759,1,0.4999093710349828,False
5521,1,1,1,1,1,1,neither,5520,4,2760,2,5520,1,65,130,130,2824,2694,2,0.5117796303008336,False
5527,3,2,7,7,-1,-1,DI,11056,4,5528,2,5526,-1,-27,0,0,5527,5527,2,0.5,True
5531,3,1,3,11,-1,1,cm_only,1106,1,1106,1,1,1,-23,-23,23,541,564,1,0.48959276018099546,False
5557,1,2,5,17,1,-1,fib_only,11116,2,2779,4,3079,-1,0,0,0,5556,5556,4,0.5,True
5563,3,3,3,3,-1,-1,DI,11128,3,5564,2,5562,-1,-103,0,0,5563,5563,2,0.5,True
5569,1,4,1,9,1,1,neither,5568,6,2784,2,5568,1,63,126,126,2846,2720,2,0.5113187208048868,False
5573,1,3,5,13,1,-1,fib_only,11148,2,2787,4,3556,-1,0,0,0,5572,5572,4,0.5,True
5581,1,1,5,1,1,1,neither,1860,2,465,4,1437,-1,0,0,0,928,928,4,0.5,True
5591,3,1,7,11,-1,1,cm_only,1118,1,1118,1,1,1,-39,-39,39,539,578,1,0.4825425246195166,False
5623,3,3,7,3,-1,-1,DI,11248,4,5624,2,5622,-1,-13,0,0,5623,5623,2,0.5,True
5639,3,4,7,19,-1,1,cm_only,5638,1,5638,1,1,1,-1,-1,1,2818,2819,1,0.4999113003370587,False
5641,1,1,1,1,1,1,neither,376,3,188,2,5640,1,5,10,10,192,182,2,0.5133689839572193,False
5647,3,2,7,7,-1,-1,DI,11296,5,5648,2,5646,-1,-95,0,0,5647,5647,2,0.5,True
5651,3,1,3,11,-1,1,cm_only,5650,1,5650,1,1,1,1,1,1,2825,2824,1,0.5000885112409276,False
5653,1,3,5,13,1,-1,fib_only,1028,2,257,4,5343,-1,0,0,0,512,512,4,0.5,True
5657,1,2,1,17,1,-1,fib_only,11316,2,2829,4,1670,1,44,176,176,5744,5568,4,0.5077793493635078,False
5659,3,4,3,19,-1,1,cm_only,5658,1,5658,1,1,1,-1,-1,1,2828,2829,1,0.49991161392964467,False
5669,1,4,5,9,1,1,neither,2834,1,2834,1,1,1,1,1,1,1417,1416,1,0.5001764913519238,False
5683,3,3,3,3,-1,-1,DI,11368,3,5684,2,5682,-1,-7,0,0,5683,5683,2,0.5,True
5689,1,4,1,9,1,1,neither,1422,1,1422,1,1,1,-37,-37,37,692,729,1,0.48698099929627026,False
5693,1,3,5,13,1,-1,fib_only,3796,2,949,4,1193,-1,0,0,0,1896,1896,4,0.5,True
5701,1,1,5,1,1,1,neither,1900,2,475,4,5316,-1,0,0,0,948,948,4,0.5,True
5711,3,1,7,11,-1,1,cm_only,5710,1,5710,1,1,1,1,1,1,2855,2854,1,0.5000875810124366,False
5717,1,2,5,17,1,-1,fib_only,11436,2,2859,4,3301,-1,0,0,0,5716,5716,4,0.5,True
5737,1,2,1,17,1,-1,fib_only,604,2,151,4,1126,1,10,40,40,320,280,4,0.5333333333333333,False
5741,1,1,5,1,1,1,neither,410,1,410,1,1,1,35,35,35,222,187,1,0.5427872860635696,False
5743,3,3,7,3,-1,-1,DI,11488,5,5744,2,5742,-1,-73,0,0,5743,5743,2,0.5,True
5749,1,4,5,9,1,1,neither,5748,2,1437,4,4943,-1,0,0,0,2872,2872,4,0.5,True
5779,3,4,3,19,-1,1,cm_only,54,1,54,1,1,1,-11,-11,11,21,32,1,0.39622641509433965,False
5783,3,3,7,3,-1,-1,DI,11568,4,5784,2,5782,-1,59,0,0,5783,5783,2,0.5,True
5791,3,1,7,11,-1,1,cm_only,5790,1,5790,1,1,1,1,1,1,2895,2894,1,0.5000863707030575,False
5801,1,1,1,1,1,1,neither,1160,3,580,2,5800,1,1,2,2,580,578,2,0.5008635578583766,False
5807,3,2,7,7,-1,-1,DI,3872,5,1936,2,5806,-1,71,0,0,1935,1935,2,0.5,True
5813,1,3,5,13,1,-1,fib_only,11628,2,2907,4,796,-1,0,0,0,5812,5812,4,0.5,True
5821,1,1,5,1,1,1,neither,1940,2,485,4,4579,-1,0,0,0,968,968,4,0.5,True
5827,3,2,3,7,-1,-1,DI,11656,3,5828,2,5826,-1,-61,0,0,5827,5827,2,0.5,True
5839,3,4,7,19,-1,1,cm_only,1946,1,1946,1,1,1,49,49,49,997,948,1,0.5125964010282776,False
5843,3,3,3,3,-1,-1,DI,3896,3,1948,2,5842,-1,67,0,0,1947,1947,2,0.5,True
5849,1,4,1,9,1,1,neither,2924,2,731,4,2839,1,2,8,8,1464,1456,4,0.5013698630136987,False
5851,3,1,3,11,-1,1,cm_only,5850,1,5850,1,1,1,1,1,1,2925,2924,1,0.500085484698239,False
5857,1,2,1,17,1,-1,fib_only,11716,2,2929,4,1310,1,76,304,304,6008,5704,4,0.5129781420765027,False
5861,1,1,5,1,1,1,neither,2930,1,2930,1,1,1,-1,-1,1,1464,1465,1,0.499829293274155,False
5867,3,2,3,7,-1,-1,DI,11736,3,5868,2,5866,-1,55,0,0,5867,5867,2,0.5,True
5869,1,4,5,9,1,1,neither,978,1,978,1,1,1,33,33,33,505,472,1,0.5168884339815762,False
5879,3,4,7,19,-1,1,cm_only,5878,1,5878,1,1,1,-1,-1,1,2938,2939,1,0.4999149225795474,False
5881,1,1,1,1,1,1,neither,392,3,196,2,5880,1,5,10,10,200,190,2,0.5128205128205128,False
5897,1,2,1,17,1,-1,fib_only,3932,2,983,4,543,1,18,72,72,2000,1928,4,0.5091649694501018,False
5903,3,3,7,3,-1,-1,DI,11808,5,5904,2,5902,-1,51,0,0,5903,5903,2,0.5,True
5923,3,3,3,3,-1,-1,DI,11848,3,5924,2,5922,-1,65,0,0,5923,5923,2,0.5,True
5927,3,2,7,7,-1,-1,DI,11856,4,5928,2,5926,-1,77,0,0,5927,5927,2,0.5,True
5939,3,4,3,19,-1,1,cm_only,5938,1,5938,1,1,1,-1,-1,1,2968,2969,1,0.4999157823816742,False
5953,1,3,1,13,1,-1,fib_only,11908,2,2977,4,2403,1,-52,-208,208,5848,6056,4,0.49126344086021506,False
5981,1,1,5,1,1,1,neither,230,1,230,1,1,1,7,7,7,118,111,1,0.5152838427947598,False
5987,3,2,3,7,-1,-1,DI,11976,3,5988,2,5986,-1,59,0,0,5987,5987,2,0.5,True
6007,3,2,7,7,-1,-1,DI,12016,4,6008,2,6006,-1,-19,0,0,6007,6007,2,0.5,True
6011,3,1,3,11,-1,1,cm_only,1202,1,1202,1,1,1,9,9,9,605,596,1,0.5037468776019983,False
6029,1,4,5,9,1,1,neither,6028,2,1507,4,4228,-1,0,0,0,3012,3012,4,0.5,True
6037,1,2,5,17,1,-1,fib_only,12076,2,3019,4,3385,-1,0,0,0,6036,6036,4,0.5,True
6043,3,3,3,3,-1,-1,DI,12088,3,6044,2,6042,-1,37,0,0,6043,6043,2,0.5,True
6047,3,2,7,7,-1,-1,DI,12096,6,6048,2,6046,-1,89,0,0,6047,6047,2,0.5,True
6053,1,3,5,13,1,-1,fib_only,12108,2,3027,4,3221,-1,0,0,0,6052,6052,4,0.5,True
6067,3,2,3,7,-1,-1,DI,12136,3,6068,2,6066,-1,19,0,0,6067,6067,2,0.5,True
6073,1,3,1,13,1,-1,fib_only,12148,2,3037,4,2524,1,-12,-48,48,6048,6096,4,0.4980237154150198,False
6079,3,4,7,19,-1,1,cm_only,2026,1,2026,1,1,1,1,1,1,1013,1012,1,0.5002469135802469,False
6089,1,4,1,9,1,1,neither,6088,3,3044,2,6088,1,67,134,134,3110,2976,2,0.5110088728228722,False
6091,3,1,3,11,-1,1,cm_only,870,1,870,1,1,1,11,11,11,440,429,1,0.5063291139240507,False
6101,1,1,5,1,1,1,neither,1220,2,305,4,247,-1,0,0,0,608,608,4,0.5,True
6113,1,3,1,13,1,-1,fib_only,12228,2,3057,4,1089,1,-28,-112,112,6056,6168,4,0.4954188481675393,False
6121,1,1,1,1,1,1,neither,6120,3,3060,2,6120,1,45,90,90,3104,3014,2,0.507355344883949,False
6131,3,1,3,11,-1,1,cm_only,6130,1,6130,1,1,1,1,1,1,3065,3064,1,0.5000815793767336,False
6133,1,3,5,13,1,-1,fib_only,12268,2,3067,4,865,-1,0,0,0,6132,6132,4,0.5,True
6143,3,3,7,3,-1,-1,DI,12288,12,6144,2,6142,-1,43,0,0,6143,6143,2,0.5,True
6151,3,1,7,11,-1,1,cm_only,6150,1,6150,1,1,1,1,1,1,3075,3074,1,0.5000813140348024,False
6163,3,3,3,3,-1,-1,DI,536,3,268,2,6162,-1,-5,0,0,267,267,2,0.5,True
6173,1,3,5,13,1,-1,fib_only,12348,2,3087,4,2447,-1,0,0,0,6172,6172,4,0.5,True
6197,1,2,5,17,1,-1,fib_only,12396,2,3099,4,4190,-1,0,0,0,6196,6196,4,0.5,True
6199,3,4,7,19,-1,1,cm_only,6198,1,6198,1,1,1,-1,-1,1,3098,3099,1,0.4999193157979668,False
6203,3,3,3,3,-1,-1,DI,12408,3,6204,2,6202,-1,41,0,0,6203,6203,2,0.5,True
6211,3,1,3,11,-1,1,cm_only,1242,1,1242,1,1,1,9,9,9,625,616,1,0.5036261079774376,False
6217,1,2,1,17,1,-1,fib_only,12436,2,3109,4,3845,1,-76,-304,304,6064,6368,4,0.4877734877734878,False
6221,1,1,5,1,1,1,neither,3110,1,3110,1,1,1,-1,-1,1,1554,1555,1,0.49983917658411064,False
6229,1,4,5,9,1,1,neither,2076,2,519,4,1451,-1,0,0,0,1036,1036,4,0.5,True
6247,3,2,7,7,-1,-1,DI,12496,4,6248,2,6246,-1,-95,0,0,6247,6247,2,0.5,True
6257,1,2,1,17,1,-1,fib_only,12516,2,3129,4,1584,1,4,16,16,6264,6248,4,0.5006393861892583,False
6263,3,3,7,3,-1,-1,DI,432,4,216,2,6262,-1,51,0,0,215,215,2,0.5,True
6269,1,4,5,9,1,1,neither,6268,2,1567,4,1523,-1,0,0,0,3132,3132,4,0.5,True
6271,3,1,7,11,-1,1,cm_only,1254,1,1254,1,1,1,-47,-47,47,603,650,1,0.48124501197126895,False
6277,1,2,5,17,1,-1,fib_only,12556,2,3139,4,1033,-1,0,0,0,6276,6276,4,0.5,True
6287,3,2,7,7,-1,-1,DI,12576,5,6288,2,6286,-1,21,0,0,6287,6287,2,0.5,True
6299,3,4,3,19,-1,1,cm_only,6298,1,6298,1,1,1,-1,-1,1,3148,3149,1,0.4999205971097348,False
6301,1,1,5,1,1,1,neither,6300,2,1575,4,4117,-1,0,0,0,3148,3148,4,0.5,True
6311,3,1,7,11,-1,1,cm_only,6310,1,6310,1,1,1,1,1,1,3155,3154,1,0.5000792518624187,False
6317,1,2,5,17,1,-1,fib_only,12636,2,3159,4,4354,-1,0,0,0,6316,6316,4,0.5,True
6323,3,3,3,3,-1,-1,DI,12648,3,6324,2,6322,-1,-95,0,0,6323,6323,2,0.5,True
6329,1,4,1,9,1,1,neither,904,3,452,2,6328,1,19,38,38,470,432,2,0.5210643015521065,False
6337,1,2,1,17,1,-1,fib_only,12676,2,3169,4,178,1,36,144,144,6408,6264,4,0.5056818181818182,False
6343,3,3,7,3,-1,-1,DI,12688,4,6344,2,6342,-1,103,0,0,6343,6343,2,0.5,True
6353,1,3,1,13,1,-1,fib_only,12708,2,3177,4,1392,1,32,128,128,6416,6288,4,0.5050377833753149,False
6359,3,4,7,19,-1,1,cm_only,6358,1,6358,1,1,1,-1,-1,1,3178,3179,1,0.4999213465471134,False
6361,1,1,1,1,1,1,neither,1590,1,1590,1,1,1,-35,-35,35,777,812,1,0.4889867841409692,False
6367,3,2,7,7,-1,-1,DI,12736,6,6368,2,6366,-1,-127,0,0,6367,6367,2,0.5,True
6373,1,3,5,13,1,-1,fib_only,12748,2,3187,4,4494,-1,0,0,0,6372,6372,4,0.5,True
6379,3,4,3,19,-1,1,cm_only,6378,1,6378,1,1,1,-1,-1,1,3188,3189,1,0.4999215932256547,False
6389,1,4,5,9,1,1,neither,3194,1,3194,1,1,1,1,1,1,1597,1596,1,0.5001565925461948,False
6397,1,2,5,17,1,-1,fib_only,1828,2,457,4,1302,-1,0,0,0,912,912,4,0.5,True
6421,1,1,5,1,1,1,neither,3210,1,3210,1,1,1,-1,-1,1,1604,1605,1,0.4998441882206295,False
6427,3,2,3,7,-1,-1,DI,12856,3,6428,2,6426,-1,79,0,0,6427,6427,2,0.5,True
6449,1,4,1,9,1,1,neither,6448,4,3224,2,6448,1,7,14,14,3230,3216,2,0.5010859447719516,False
6451,3,1,3,11,-1,1,cm_only,6450,1,6450,1,1,1,1,1,1,3225,3224,1,0.500077531400217,False
6469,1,4,5,9,1,1,neither,2156,2,539,4,2977,-1,0,0,0,1076,1076,4,0.5,True
6473,1,3,1,13,1,-1,fib_only,12948,2,3237,4,1808,1,68,272,272,6608,6336,4,0.5105067985166872,False
6481,1,1,1,1,1,1,neither,3240,3,1620,2,6480,1,-5,-10,10,1614,1624,2,0.49845583693638046,False
6491,3,1,3,11,-1,1,cm_only,1298,1,1298,1,1,1,1,1,1,649,648,1,0.5003855050115652,False
6521,1,1,1,1,1,1,neither,3260,2,815,4,4157,1,22,88,88,1672,1584,4,0.5135135135135135,False
6529,1,4,1,9,1,1,neither,3264,6,1632,2,6528,1,33,66,66,1664,1598,2,0.510116492949111,False
6547,3,2,3,7,-1,-1,DI,13096,3,6548,2,6546,-1,39,0,0,6547,6547,2,0.5,True
6551,3,1,7,11,-1,1,cm_only,6550,1,6550,1,1,1,1,1,1,3275,3274,1,0.5000763475339747,False
6553,1,3,1,13,1,-1,fib_only,13108,2,3277,4,3367,1,-72,-288,288,6408,6696,4,0.489010989010989,False
6563,3,3,3,3,-1,-1,DI,4376,3,2188,2,6562,-1,-17,0,0,2187,2187,2,0.5,True
6569,1,4,1,9,1,1,neither,6568,3,3284,2,6568,1,-13,-26,26,3270,3296,2,0.4980201035638136,False
6571,3,1,3,11,-1,1,cm_only,6570,1,6570,1,1,1,1,1,1,3285,3284,1,0.50007611508601,False
6577,1,2,1,17,1,-1,fib_only,13156,2,3289,4,1624,1,4,16,16,6584,6568,4,0.5006082725060828,False
6581,1,1,5,1,1,1,neither,470,1,470,1,1,1,27,27,27,248,221,1,0.5287846481876333,False
6599,3,4,7,19,-1,1,cm_only,6598,1,6598,1,1,1,-1,-1,1,3298,3299,1,0.4999242079733212,False
6607,3,2,7,7,-1,-1,DI,13216,5,6608,2,6606,-1,-27,0,0,6607,6607,2,0.5,True
6619,3,4,3,19,-1,1,cm_only,2206,1,2206,1,1,1,-43,-43,43,1081,1124,1,0.490249433106576,False
6637,1,2,5,17,1,-1,fib_only,13276,2,3319,4,3809,-1,0,0,0,6636,6636,4,0.5,True
6653,1,3,5,13,1,-1,fib_only,13308,2,3327,4,752,-1,0,0,0,6652,6652,4,0.5,True
6659,3,4,3,19,-1,1,cm_only,6658,1,6658,1,1,1,-1,-1,1,3328,3329,1,0.49992489109208355,False
6661,1,1,5,1,1,1,neither,3330,1,3330,1,1,1,-1,-1,1,1664,1665,1,0.49984980474617,False
6673,1,3,1,13,1,-1,fib_only,284,2,71,4,2437,1,22,88,88,184,96,4,0.6571428571428571,False
6679,3,4,7,19,-1,1,cm_only,742,1,742,1,1,1,-17,-17,17,362,379,1,0.4885290148448043,False
6689,1,4,1,9,1,1,neither,6688,5,3344,2,6688,1,-17,-34,34,3326,3360,2,0.4974573736165121,False
6691,3,1,3,11,-1,1,cm_only,2230,1,2230,1,1,1,-5,-5,5,1112,1117,1,0.4988784208165096,False
6701,1,1,5,1,1,1,neither,6700,2,1675,4,4980,-1,0,0,0,3348,3348,4,0.5,True
6703,3,3,7,3,-1,-1,DI,13408,5,6704,2,6702,-1,115,0,0,6703,6703,2,0.5,True
6709,1,4,5,9,1,1,neither,86,1,86,1,1,1,5,5,5,45,40,1,0.5294117647058824,False
6719,3,4,7,19,-1,1,cm_only,6718,1,6718,1,1,1,-1,-1,1,3358,3359,1,0.4999255620068483,False
6733,1,3,5,13,1,-1,fib_only,1924,2,481,4,4516,-1,0,0,0,960,960,4,0.5,True
6737,1,2,1,17,1,-1,fib_only,4492,2,1123,4,2393,1,46,184,184,2336,2152,4,0.5204991087344029,False
6761,1,1,1,1,1,1,neither,3380,2,845,4,1775,1,-36,-144,144,1616,1760,4,0.4786729857819905,False
6763,3,3,3,3,-1,-1,DI,13528,3,6764,2,6762,-1,57,0,0,6763,6763,2,0.5,True
6779,3,4,3,19,-1,1,cm_only,6778,1,6778,1,1,1,-1,-1,1,3388,3389,1,0.4999262210417589,False
6781,1,1,5,1,1,1,neither,2260,2,565,4,5786,-1,0,0,0,1128,1128,4,0.5,True
6791,3,1,7,11,-1,1,cm_only,6790,1,6790,1,1,1,1,1,1,3395,3394,1,0.5000736485491236,False
6793,1,3,1,13,1,-1,fib_only,13588,2,3397,4,709,1,-48,-192,192,6696,6888,4,0.4929328621908127,False
6803,3,3,3,3,-1,-1,DI,13608,3,6804,2,6802,-1,29,0,0,6803,6803,2,0.5,True
6823,3,3,7,3,-1,-1,DI,13648,4,6824,2,6822,-1,127,0,0,6823,6823,2,0.5,True
6827,3,2,3,7,-1,-1,DI,13656,3,6828,2,6826,-1,-133,0,0,6827,6827,2,0.5,True
6829,1,4,5,9,1,1,neither,6828,2,1707,4,1596,-1,0,0,0,3412,3412,4,0.5,True
6833,1,3,1,13,1,-1,fib_only,13668,2,3417,4,1307,1,-68,-272,272,6696,6968,4,0.49004683840749413,False
6841,1,1,1,1,1,1,neither,684,2,171,4,5216,1,2,8,8,344,336,4,0.5058823529411764,False
6857,1,2,1,17,1,-1,fib_only,13716,2,3429,4,1348,1,-56,-224,224,6744,6968,4,0.4918319719953326,False
6863,3,3,7,3,-1,-1,DI,13728,5,6864,2,6862,-1,-77,0,0,6863,6863,2,0.5,True
6869,1,4,5,9,1,1,neither,3434,1,3434,1,1,1,1,1,1,1717,1716,1,0.5001456452082726,False
6871,3,1,7,11,-1,1,cm_only,458,1,458,1,1,1,-1,-1,1,228,229,1,0.4989059080962801,False
6883,3,3,3,3,-1,-1,DI,13768,3,6884,2,6882,-1,53,0,0,6883,6883,2,0.5,True
6899,3,4,3,19,-1,1,cm_only,6898,1,6898,1,1,1,-1,-1,1,3448,3449,1,0.4999275047121937,False
6907,3,2,3,7,-1,-1,DI,13816,3,6908,2,6906,-1,-37,0,0,6907,6907,2,0.5,True
6911,3,1,7,11,-1,1,cm_only,6910,1,6910,1,1,1,1,1,1,3455,3454,1,0.5000723693732813,False
6917,1,2,5,17,1,-1,fib_only,4612,2,1153,4,6654,-1,0,0,0,2304,2304,4,0.5,True
6947,3,2,3,7,-1,-1,DI,13896,3,6948,2,6946,-1,59,0,0,6947,6947,2,0.5,True
6949,1,4,5,9,1,1,neither,3474,1,3474,1,1,1,1,1,1,1737,1736,1,0.5001439677512237,False
6959,3,4,7,19,-1,1,cm_only,6958,1,6958,1,1,1,-1,-1,1,3478,3479,1,0.49992812994106656,False
6961,1,1,1,1,1,1,neither,1740,2,435,4,6617,1,34,136,136,936,800,4,0.5391705069124424,False
6967,3,2,7,7,-1,-1,DI,13936,4,6968,2,6966,-1,-39,0,0,6967,6967,2,0.5,True
6971,3,1,3,11,-1,1,cm_only,6970,1,6970,1,1,1,1,1,1,3485,3484,1,0.5000717463050652,False
6977,1,2,1,17,1,-1,fib_only,13956,2,3489,4,4914,1,-44,-176,176,6888,7064,4,0.49369266055045874,False
6983,3,3,7,3,-1,-1,DI,1552,4,776,2,6982,-1,-1,0,0,775,775,2,0.5,True
6991,3,1,7,11,-1,1,cm_only,2330,1,2330,1,1,1,-25,-25,25,1152,1177,1,0.49463288965221125,False
6997,1,2,5,17,1,-1,fib_only,13996,2,3499,4,5201,-1,0,0,0,6996,6996,4,0.5,True
7001,1,1,1,1,1,1,neither,7000,3,3500,2,7000,1,-35,-70,70,3464,3534,2,0.4949985710202915,False
7013,1,3,5,13,1,-1,fib_only,4676,2,1169,4,4533,-1,0,0,0,2336,2336,4,0.5,True
7019,3,4,3,19,-1,1,cm_only,7018,1,7018,1,1,1,-1,-1,1,3508,3509,1,0.49992874447769703,False
7027,3,2,3,7,-1,-1,DI,2008,3,1004,2,7026,-1,1,0,0,1003,1003,2,0.5,True
7039,3,4,7,19,-1,1,cm_only,7038,1,7038,1,1,1,-1,-1,1,3518,3519,1,0.4999289469944579,False
7043,3,3,3,3,-1,-1,DI,14088,3,7044,2,7042,-1,-11,0,0,7043,7043,2,0.5,True
7057,1,2,1,17,1,-1,fib_only,14116,2,3529,4,84,1,84,336,336,7224,6888,4,0.5119047619047619,False
7069,1,4,5,9,1,1,neither,1178,1,1178,1,1,1,-47,-47,47,565,612,1,0.4800339847068819,False
7079,3,4,7,19,-1,1,cm_only,7078,1,7078,1,1,1,-1,-1,1,3538,3539,1,0.49992934859403704,False
7103,3,3,7,3,-1,-1,DI,4736,7,2368,2,7102,-1,33,0,0,2367,2367,2,0.5,True
7109,1,4,5,9,1,1,neither,7108,2,1777,4,6805,-1,0,0,0,3552,3552,4,0.5,True
7121,1,1,1,1,1,1,neither,7120,4,3560,2,7120,1,-55,-110,110,3504,3614,2,0.49227311042427646,False
7127,3,2,7,7,-1,-1,DI,14256,4,7128,2,7126,-1,145,0,0,7127,7127,2,0.5,True
7129,1,4,1,9,1,1,neither,7128,3,3564,2,7128,1,27,54,54,3590,3536,2,0.5037889419028908,False
7151,3,1,7,11,-1,1,cm_only,7150,1,7150,1,1,1,1,1,1,3575,3574,1,0.5000699398517275,False
7159,3,4,7,19,-1,1,cm_only,7158,1,7158,1,1,1,-1,-1,1,3578,3579,1,0.49993013832611427,False
7177,1,2,1,17,1,-1,fib_only,14356,2,3589,4,1965,1,-84,-336,336,7008,7344,4,0.4882943143812709,False
7187,3,2,3,7,-1,-1,DI,4792,3,2396,2,7186,-1,49,0,0,2395,2395,2,0.5,True
7193,1,3,1,13,1,-1,fib_only,14388,2,3597,4,967,1,52,208,208,7296,7088,4,0.5072302558398221,False
7207,3,2,7,7,-1,-1,DI,14416,4,7208,2,7206,-1,57,0,0,7207,7207,2,0.5,True
7211,3,1,3,11,-1,1,cm_only,1442,1,1442,1,1,1,9,9,9,725,716,1,0.5031228313671062,False
7213,1,3,5,13,1,-1,fib_only,14428,2,3607,4,1999,-1,0,0,0,7212,7212,4,0.5,True
7219,3,4,3,19,-1,1,cm_only,2406,1,2406,1,1,1,-3,-3,3,1201,1204,1,0.4993762993762994,False
7229,1,4,5,9,1,1,neither,3614,1,3614,1,1,1,1,1,1,1807,1806,1,0.5001383891502906,False
7237,1,2,5,17,1,-1,fib_only,14476,2,3619,4,4735,-1,0,0,0,7236,7236,4,0.5,True
7243,3,3,3,3,-1,-1,DI,14488,3,7244,2,7242,-1,113,0,0,7243,7243,2,0.5,True
7247,3,2,7,7,-1,-1,DI,4832,5,2416,2,7246,-1,-9,0,0,2415,2415,2,0.5,True
7253,1,3,5,13,1,-1,fib_only,14508,2,3627,4,5042,-1,0,0,0,7252,7252,4,0.5,True
7283,3,3,3,3,-1,-1,DI,14568,3,7284,2,7282,-1,165,0,0,7283,7283,2,0.5,True
7297,1,2,1,17,1,-1,fib_only,14596,2,3649,4,3744,1,-76,-304,304,7144,7448,4,0.4895833333333333,False
7307,3,2,3,7,-1,-1,DI,1624,3,812,2,7306,-1,35,0,0,811,811,2,0.5,True
7309,1,4,5,9,1,1,neither,3654,1,3654,1,1,1,1,1,1,1827,1826,1,0.5001368738023543,False
7321,1,1,1,1,1,1,neither,1830,1,1830,1,1,1,-31,-31,31,899,930,1,0.4915254237288136,False
7331,3,1,3,11,-1,1,cm_only,7330,1,7330,1,1,1,1,1,1,3665,3664,1,0.5000682221312593,False
7333,1,3,5,13,1,-1,fib_only,14668,2,3667,4,4424,-1,0,0,0,7332,7332,4,0.5,True
7349,1,4,5,9,1,1,neither,3674,1,3674,1,1,1,1,1,1,1837,1836,1,0.500136128505309,False
7351,3,1,7,11,-1,1,cm_only,7350,1,7350,1,1,1,1,1,1,3675,3674,1,0.5000680364675466,False
7369,1,4,1,9,1,1,neither,3684,2,921,4,607,1,28,112,112,1896,1784,4,0.5152173913043478,False
7393,1,3,1,13,1,-1,fib_only,14788,2,3697,4,2361,1,72,288,288,7536,7248,4,0.5097402597402597,False
7411,3,1,3,11,-1,1,cm_only,7410,1,7410,1,1,1,1,1,1,3705,3704,1,0.5000674854906195,False
7417,1,2,1,17,1,-1,fib_only,14836,2,3709,4,4680,1,84,336,336,7584,7248,4,0.511326860841424,False
7433,1,3,1,13,1,-1,fib_only,2124,2,531,4,6450,1,-10,-40,40,1040,1080,4,0.49056603773584906,False
7451,3,1,3,11,-1,1,cm_only,1490,1,1490,1,1,1,-15,-15,15,737,752,1,0.4949630624580255,False
7457,1,2,1,17,1,-1,fib_only,14916,2,3729,4,6182,1,-76,-304,304,7304,7608,4,0.4898068669527897,False
7459,3,4,3,19,-1,1,cm_only,7458,1,7458,1,1,1,-1,-1,1,3728,3729,1,0.4999329489070672,False
7477,1,2,5,17,1,-1,fib_only,14956,2,3739,4,5825,-1,0,0,0,7476,7476,4,0.5,True
7481,1,1,1,1,1,1,neither,7480,3,3740,2,7480,1,85,170,170,3824,3654,2,0.5113666755817063,False
7487,3,2,7,7,-1,-1,DI,14976,7,7488,2,7486,-1,9,0,0,7487,7487,2,0.5,True
7489,1,4,1,9,1,1,neither,832,6,416,2,7488,1,47,94,94,462,368,2,0.5566265060240964,False
7499,3,4,3,19,-1,1,cm_only,7498,1,7498,1,1,1,-1,-1,1,3748,3749,1,0.4999333066559957,False
7507,3,2,3,7,-1,-1,DI,15016,3,7508,2,7506,-1,-93,0,0,7507,7507,2,0.5,True
7517,1,2,5,17,1,-1,fib_only,5012,2,1253,4,4108,-1,0,0,0,2504,2504,4,0.5,True
7523,3,3,3,3,-1,-1,DI,15048,3,7524,2,7522,-1,21,0,0,7523,7523,2,0.5,True
7529,1,4,1,9,1,1,neither,7528,3,3764,2,7528,1,-77,-154,154,3686,3840,2,0.4897688014881743,False
7537,1,2,1,17,1,-1,fib_only,15076,2,3769,4,6488,1,-36,-144,144,7464,7608,4,0.49522292993630573,False
7541,1,1,5,1,1,1,neither,3770,1,3770,1,1,1,-1,-1,1,1884,1885,1,0.49986733881666223,False
7547,3,2,3,7,-1,-1,DI,15096,3,7548,2,7546,-1,55,0,0,7547,7547,2,0.5,True
7549,1,4,5,9,1,1,neither,3774,1,3774,1,1,1,1,1,1,1887,1886,1,0.5001325205406838,False
7559,3,4,7,19,-1,1,cm_only,7558,1,7558,1,1,1,-1,-1,1,3778,3779,1,0.49993383617837767,False
7561,1,1,1,1,1,1,neither,7560,3,3780,2,7560,1,-75,-150,150,3704,3854,2,0.49007673987827466,False
7573,1,3,5,13,1,-1,fib_only,15148,2,3787,4,3743,-1,0,0,0,7572,7572,4,0.5,True
7577,1,2,1,17,1,-1,fib_only,15156,2,3789,4,1540,1,64,256,256,7704,7448,4,0.5084477296726505,False
7583,3,3,7,3,-1,-1,DI,15168,6,7584,2,7582,-1,-121,0,0,7583,7583,2,0.5,True
7589,1,4,5,9,1,1,neither,3794,1,3794,1,1,1,1,1,1,1897,1896,1,0.5001318217769576,False
7591,3,1,7,11,-1,1,cm_only,7590,1,7590,1,1,1,1,1,1,3795,3794,1,0.5000658848333114,False
7603,3,3,3,3,-1,-1,DI,15208,3,7604,2,7602,-1,-143,0,0,7603,7603,2,0.5,True
7607,3,2,7,7,-1,-1,DI,15216,4,7608,2,7606,-1,-43,0,0,7607,7607,2,0.5,True
7621,1,1,5,1,1,1,neither,7620,2,1905,4,2038,-1,0,0,0,3808,3808,4,0.5,True
7639,3,4,7,19,-1,1,cm_only,2546,1,2546,1,1,1,57,57,57,1301,1244,1,0.5111984282907662,False
7643,3,3,3,3,-1,-1,DI,15288,3,7644,2,7642,-1,-115,0,0,7643,7643,2,0.5,True
7649,1,4,1,9,1,1,neither,478,1,478,1,1,1,7,7,7,242,235,1,0.5073375262054507,False
7669,1,4,5,9,1,1,neither,2556,2,639,4,5377,-1,0,0,0,1276,1276,4,0.5,True
7673,1,3,1,13,1,-1,fib_only,15348,2,3837,4,7396,1,28,112,112,7728,7616,4,0.5036496350364964,False
7681,1,1,1,1,1,1,neither,7680,9,3840,2,7680,1,25,50,50,3864,3814,2,0.5032560562646523,False
7687,3,2,7,7,-1,-1,DI,15376,4,7688,2,7686,-1,-87,0,0,7687,7687,2,0.5,True
7691,3,1,3,11,-1,1,cm_only,7690,1,7690,1,1,1,1,1,1,3845,3844,1,0.5000650279620237,False
7699,3,4,3,19,-1,1,cm_only,7698,1,7698,1,1,1,-1,-1,1,3848,3849,1,0.49993503962582825,False
7703,3,3,7,3,-1,-1,DI,15408,4,7704,2,7702,-1,131,0,0,7703,7703,2,0.5,True
7717,1,2,5,17,1,-1,fib_only,15436,2,3859,4,4764,-1,0,0,0,7716,7716,4,0.5,True
7723,3,3,3,3,-1,-1,DI,15448,3,7724,2,7722,-1,77,0,0,7723,7723,2,0.5,True
7727,3,2,7,7,-1,-1,DI,15456,5,7728,2,7726,-1,101,0,0,7727,7727,2,0.5,True
7741,1,1,5,1,1,1,neither,7740,2,1935,4,3199,-1,0,0,0,3868,3868,4,0.5,True
7753,1,3,1,13,1,-1,fib_only,15508,2,3877,4,5198,1,88,352,352,7928,7576,4,0.5113519091847265,False
7757,1,2,5,17,1,-1,fib_only,5172,2,1293,4,812,-1,0,0,0,2584,2584,4,0.5,True
7759,3,4,7,19,-1,1,cm_only,7758,1,7758,1,1,1,-1,-1,1,3878,3879,1,0.49993554209101454,False
7789,1,4,5,9,1,1,neither,7788,2,1947,4,3378,-1,0,0,0,3892,3892,4,0.5,True
7793,1,3,1,13,1,-1,fib_only,15588,2,3897,4,2214,1,-88,-352,352,7616,7968,4,0.4887063655030801,False
7817,1,2,1,17,1,-1,fib_only,5212,2,1303,4,5253,1,62,248,248,2728,2480,4,0.5238095238095238,False
7823,3,3,7,3,-1,-1,DI,5216,5,2608,2,7822,-1,-11,0,0,2607,2607,2,0.5,True
7829,1,4,5,9,1,1,neither,7828,2,1957,4,2037,-1,0,0,0,3912,3912,4,0.5,True
7841,1,1,1,1,1,1,neither,1960,3,980,2,7840,1,51,102,102,1030,928,2,0.526046986721144,False
7853,1,3,5,13,1,-1,fib_only,5236,2,1309,4,1759,-1,0,0,0,2616,2616,4,0.5,True
7867,3,2,3,7,-1,-1,DI,2248,3,1124,2,7866,-1,-7,0,0,1123,1123,2,0.5,True
7873,1,3,1,13,1,-1,fib_only,15748,2,3937,4,3590,1,68,272,272,8008,7736,4,0.5086382113821138,False
7877,1,2,5,17,1,-1,fib_only,15756,2,3939,4,320,-1,0,0,0,7876,7876,4,0.5,True
7879,3,4,7,19,-1,1,cm_only,202,1,202,1,1,1,9,9,9,105,96,1,0.5223880597014925,False
7883,3,3,3,3,-1,-1,DI,1752,3,876,2,7882,-1,33,0,0,875,875,2,0.5,True
7901,1,1,5,1,1,1,neither,7900,2,1975,4,4555,-1,0,0,0,3948,3948,4,0.5,True
7907,3,2,3,7,-1,-1,DI,15816,3,7908,2,7906,-1,127,0,0,7907,7907,2,0.5,True
7919,3,4,7,19,-1,1,cm_only,7918,1,7918,1,1,1,-1,-1,1,3958,3959,1,0.49993684476443095,False
7927,3,2,7,7,-1,-1,DI,15856,4,7928,2,7926,-1,117,0,0,7927,7927,2,0.5,True
7933,1,3,5,13,1,-1,fib_only,15868,2,3967,4,4983,-1,0,0,0,7932,7932,4,0.5,True
7937,1,2,1,17,1,-1,fib_only,5292,2,1323,4,1962,1,58,232,232,2760,2528,4,0.5219364599092284,False
7949,1,4,5,9,1,1,neither,3974,1,3974,1,1,1,1,1,1,1987,1986,1,0.5001258494840172,False
7951,3,1,7,11,-1,1,cm_only,7950,1,7950,1,1,1,1,1,1,3975,3974,1,0.5000629009938357,False
7963,3,3,3,3,-1,-1,DI,15928,3,7964,2,7962,-1,-139,0,0,7963,7963,2,0.5,True
7993,1,3,1,13,1,-1,fib_only,15988,2,3997,4,2110,1,72,288,288,8136,7848,4,0.509009009009009,False
8009,1,4,1,9,1,1,neither,4004,2,1001,4,283,1,-4,-16,16,1992,2008,4,0.498,False
8011,3,1,3,11,-1,1,cm_only,1602,1,1602,1,1,1,9,9,9,805,796,1,0.5028107432854466,False
8017,1,2,1,17,1,-1,fib_only,16036,2,4009,4,1813,1,-84,-336,336,7848,8184,4,0.48952095808383234,False
8039,3,4,7,19,-1,1,cm_only,8038,1,8038,1,1,1,-1,-1,1,4018,4019,1,0.4999377877317407,False
8053,1,3,5,13,1,-1,fib_only,16108,2,4027,4,7683,-1,0,0,0,8052,8052,4,0.5,True
8059,3,4,3,19,-1,1,cm_only,2686,1,2686,1,1,1,-11,-11,11,1337,1348,1,0.49795158286778396,False
8069,1,4,5,9,1,1,neither,4034,1,4034,1,1,1,1,1,1,2017,2016,1,0.5001239771881973,False
8081,1,1,1,1,1,1,neither,1010,1,1010,1,1,1,33,33,33,521,488,1,0.5163528245787908,False
8087,3,2,7,7,-1,-1,DI,16176,4,8088,2,8086,-1,117,0,0,8087,8087,2,0.5,True
8089,1,4,1,9,1,1,neither,2696,3,1348,2,8088,1,67,134,134,1414,1280,2,0.5248700816629547,False
8093,1,3,5,13,1,-1,fib_only,5396,2,1349,4,3060,-1,0,0,0,2696,2696,4,0.5,True
8101,1,1,5,1,1,1,neither,4050,1,4050,1,1,1,-1,-1,1,2024,2025,1,0.4998765127191899,False
8111,3,1,7,11,-1,1,cm_only,8110,1,8110,1,1,1,1,1,1,4055,4054,1,0.5000616598840795,False
8117,1,2,5,17,1,-1,fib_only,1476,2,369,4,1733,-1,0,0,0,736,736,4,0.5,True
8123,3,3,3,3,-1,-1,DI,5416,3,2708,2,8122,-1,139,0,0,2707,2707,2,0.5,True
8147,3,2,3,7,-1,-1,DI,16296,3,8148,2,8146,-1,15,0,0,8147,8147,2,0.5,True
8161,1,1,1,1,1,1,neither,4080,4,2040,2,8160,1,-41,-82,82,1998,2080,2,0.4899460519862678,False
8167,3,2,7,7,-1,-1,DI,16336,4,8168,2,8166,-1,-91,0,0,8167,8167,2,0.5,True
8171,3,1,3,11,-1,1,cm_only,1634,1,1634,1,1,1,-7,-7,7,813,820,1,0.49785670545009186,False
8179,3,4,3,19,-1,1,cm_only,8178,1,8178,1,1,1,-1,-1,1,4088,4089,1,0.49993885288002937,False
8191,3,1,7,11,-1,1,cm_only,8190,1,8190,1,1,1,1,1,1,4095,4094,1,0.5000610575161802,False
8209,1,4,1,9,1,1,neither,2052,2,513,4,6270,1,40,160,160,1104,944,4,0.5390625,False
8219,3,4,3,19,-1,1,cm_only,8218,1,8218,1,1,1,-1,-1,1,4108,4109,1,0.4999391505415602,False
8221,1,1,5,1,1,1,neither,4110,1,4110,1,1,1,-1,-1,1,2054,2055,1,0.49987831589194454,False
8231,3,1,7,11,-1,1,cm_only,8230,1,8230,1,1,1,1,1,1,4115,4114,1,0.5000607607242679,False
8233,1,3,1,13,1,-1,fib_only,16468,2,4117,4,7377,1,48,192,192,8328,8136,4,0.5058309037900874,False
8237,1,2,5,17,1,-1,fib_only,16476,2,4119,4,287,-1,0,0,0,8236,8236,4,0.5,True
8243,3,3,3,3,-1,-1,DI,5496,3,2748,2,8242,-1,-101,0,0,2747,2747,2,0.5,True
8263,3,3,7,3,-1,-1,DI,16528,4,8264,2,8262,-1,7,0,0,8263,8263,2,0.5,True
8269,1,4,5,9,1,1,neither,8268,2,2067,4,643,-1,0,0,0,4132,4132,4,0.5,True
8273,1,3,1,13,1,-1,fib_only,16548,2,4137,4,2162,1,88,352,352,8448,8096,4,0.5106382978723404,False
8287,3,2,7,7,-1,-1,DI,16576,6,8288,2,8286,-1,-39,0,0,8287,8287,2,0.5,True
8291,3,1,3,11,-1,1,cm_only,8290,1,8290,1,1,1,1,1,1,4145,4144,1,0.5000603209072264,False
8293,1,3,5,13,1,-1,fib_only,16588,2,4147,4,7762,-1,0,0,0,8292,8292,4,0.5,True
8297,1,2,1,17,1,-1,fib_only,16596,2,4149,4,6200,1,-4,-16,16,8288,8304,4,0.49951783992285437,False
8311,3,1,7,11,-1,1,cm_only,8310,1,8310,1,1,1,1,1,1,4155,4154,1,0.5000601757130821,False
8317,1,2,5,17,1,-1,fib_only,16636,2,4159,4,6946,-1,0,0,0,8316,8316,4,0.5,True
8329,1,4,1,9,1,1,neither,2082,1,2082,1,1,1,-37,-37,37,1022,1059,1,0.49111004324843827,False
8353,1,3,1,13,1,-1,fib_only,16708,2,4177,4,2688,1,-28,-112,112,8296,8408,4,0.4966475095785441,False
8363,3,3,3,3,-1,-1,DI,16728,3,8364,2,8362,-1,-31,0,0,8363,8363,2,0.5,True
8369,1,4,1,9,1,1,neither,2092,2,523,4,7703,1,-18,-72,72,1008,1080,4,0.4827586206896552,False
8377,1,2,1,17,1,-1,fib_only,16756,2,4189,4,8047,1,76,304,304,8528,8224,4,0.5090735434574976,False
8387,3,2,3,7,-1,-1,DI,5592,3,2796,2,8386,-1,17,0,0,2795,2795,2,0.5,True
8389,1,4,5,9,1,1,neither,8388,2,2097,4,4940,-1,0,0,0,4192,4192,4,0.5,True
8419,3,4,3,19,-1,1,cm_only,8418,1,8418,1,1,1,-1,-1,1,4208,4209,1,0.49994059641202326,False
8423,3,3,7,3,-1,-1,DI,16848,4,8424,2,8422,-1,-29,0,0,8423,8423,2,0.5,True
8429,1,4,5,9,1,1,neither,8428,2,2107,4,6239,-1,0,0,0,4212,4212,4,0.5,True
8431,3,1,7,11,-1,1,cm_only,8430,1,8430,1,1,1,1,1,1,4215,4214,1,0.5000593190176771,False
8443,3,3,3,3,-1,-1,DI,16888,3,8444,2,8442,-1,77,0,0,8443,8443,2,0.5,True
8447,3,2,7,7,-1,-1,DI,16896,9,8448,2,8446,-1,-163,0,0,8447,8447,2,0.5,True
8461,1,1,5,1,1,1,neither,470,1,470,1,1,1,-17,-17,17,226,243,1,0.48187633262260127,False
8467,3,2,3,7,-1,-1,DI,16936,3,8468,2,8466,-1,-41,0,0,8467,8467,2,0.5,True
8501,1,1,5,1,1,1,neither,8500,2,2125,4,4481,-1,0,0,0,4248,4248,4,0.5,True
8513,1,3,1,13,1,-1,fib_only,516,2,129,4,7310,1,12,48,48,280,232,4,0.546875,False
8521,1,1,1,1,1,1,neither,8520,3,4260,2,8520,1,85,170,170,4344,4174,2,0.5099788682789387,False
8527,3,2,7,7,-1,-1,DI,17056,5,8528,2,8526,-1,85,0,0,8527,8527,2,0.5,True
8537,1,2,1,17,1,-1,fib_only,17076,2,4269,4,6942,1,16,64,64,8568,8504,4,0.5018744142455482,False
8539,3,4,3,19,-1,1,cm_only,8538,1,8538,1,1,1,-1,-1,1,4268,4269,1,0.49994143141618835,False
8543,3,3,7,3,-1,-1,DI,5696,6,2848,2,8542,-1,33,0,0,2847,2847,2,0.5,True
8563,3,3,3,3,-1,-1,DI,17128,3,8564,2,8562,-1,-87,0,0,8563,8563,2,0.5,True
8573,1,3,5,13,1,-1,fib_only,5716,2,1429,4,2195,-1,0,0,0,2856,2856,4,0.5,True
8581,1,1,5,1,1,1,neither,572,2,143,4,8450,-1,0,0,0,284,284,4,0.5,True
8597,1,2,5,17,1,-1,fib_only,17196,2,4299,4,6279,-1,0,0,0,8596,8596,4,0.5,True
8599,3,4,7,19,-1,1,cm_only,2866,1,2866,1,1,1,-55,-55,55,1405,1460,1,0.49040139616055844,False
8609,1,4,1,9,1,1,neither,8608,5,4304,2,8608,1,47,94,94,4350,4256,2,0.5054613060655356,False
8623,3,3,7,3,-1,-1,DI,17248,5,8624,2,8622,-1,11,0,0,8623,8623,2,0.5,True
8627,3,2,3,7,-1,-1,DI,17256,3,8628,2,8626,-1,103,0,0,8627,8627,2,0.5,True
8629,1,4,5,9,1,1,neither,8628,2,2157,4,4506,-1,0,0,0,4312,4312,4,0.5,True
8641,1,1,1,1,1,1,neither,720,4,360,2,8640,1,39,78,78,398,320,2,0.5543175487465181,False
8647,3,2,7,7,-1,-1,DI,17296,4,8648,2,8646,-1,-131,0,0,8647,8647,2,0.5,True
8663,3,3,7,3,-1,-1,DI,17328,4,8664,2,8662,-1,15,0,0,8663,8663,2,0.5,True
8669,1,4,5,9,1,1,neither,4334,1,4334,1,1,1,1,1,1,2167,2166,1,0.5001153934918071,False
8677,1,2,5,17,1,-1,fib_only,17356,2,4339,4,3963,-1,0,0,0,8676,8676,4,0.5,True
8681,1,1,1,1,1,1,neither,2170,1,2170,1,1,1,45,45,45,1107,1062,1,0.5103734439834025,False
8689,1,4,1,9,1,1,neither,724,2,181,4,4628,1,-16,-64,64,328,392,4,0.45555555555555555,False
8693,1,3,5,13,1,-1,fib_only,644,2,161,4,4048,-1,0,0,0,320,320,4,0.5,True
8699,3,4,3,19,-1,1,cm_only,8698,1,8698,1,1,1,-1,-1,1,4348,4349,1,0.4999425089111188,False
8707,3,2,3,7,-1,-1,DI,17416,3,8708,2,8706,-1,-41,0,0,8707,8707,2,0.5,True
8713,1,3,1,13,1,-1,fib_only,17428,2,4357,4,5434,1,-8,-32,32,8696,8728,4,0.49908172635445364,False
8719,3,4,7,19,-1,1,cm_only,8718,1,8718,1,1,1,-1,-1,1,4358,4359,1,0.4999426408167948,False
8731,3,1,3,11,-1,1,cm_only,2910,1,2910,1,1,1,-45,-45,45,1432,1477,1,0.4922653832932279,False
8737,1,2,1,17,1,-1,fib_only,17476,2,4369,4,4264,1,84,336,336,8904,8568,4,0.5096153846153846,False
8741,1,1,5,1,1,1,neither,4370,1,4370,1,1,1,-1,-1,1,2184,2185,1,0.4998855573357748,False
8747,3,2,3,7,-1,-1,DI,17496,3,8748,2,8746,-1,163,0,0,8747,8747,2,0.5,True
8753,1,3,1,13,1,-1,fib_only,5836,2,1459,4,2569,1,-42,-168,168,2832,3000,4,0.48559670781893005,False
8761,1,1,1,1,1,1,neither,2920,3,1460,2,8760,1,25,50,50,1484,1434,2,0.5085675119945168,False
8779,3,4,3,19,-1,1,cm_only,8778,1,8778,1,1,1,-1,-1,1,4388,4389,1,0.49994303292696823,False
8783,3,3,7,3,-1,-1,DI,5856,5,2928,2,8782,-1,-11,0,0,2927,2927,2,0.5,True
8803,3,3,3,3,-1,-1,DI,17608,3,8804,2,8802,-1,-95,0,0,8803,8803,2,0.5,True
8807,3,2,7,7,-1,-1,DI,17616,4,8808,2,8806,-1,-127,0,0,8807,8807,2,0.5,True
8819,3,4,3,19,-1,1,cm_only,8818,1,8818,1,1,1,-1,-1,1,4408,4409,1,0.49994329136894633,False
8821,1,1,5,1,1,1,neither,1470,1,1470,1,1,1,-45,-45,45,712,757,1,0.4846834581347856,False
8831,3,1,7,11,-1,1,cm_only,1766,1,1766,1,1,1,-7,-7,7,879,886,1,0.4980169971671388,False
8837,1,2,5,17,1,-1,fib_only,5892,2,1473,4,8743,-1,0,0,0,2944,2944,4,0.5,True
8839,3,4,7,19,-1,1,cm_only,8838,1,8838,1,1,1,-1,-1,1,4418,4419,1,0.4999434197125721,False
8849,1,4,1,9,1,1,neither,4424,3,2212,2,8848,1,33,66,66,2244,2178,2,0.5074626865671642,False
8861,1,1,5,1,1,1,neither,1772,2,443,4,7070,-1,0,0,0,884,884,4,0.5,True
8863,3,3,7,3,-1,-1,DI,17728,6,8864,2,8862,-1,59,0,0,8863,8863,2,0.5,True
8867,3,2,3,7,-1,-1,DI,17736,3,8868,2,8866,-1,-49,0,0,8867,8867,2,0.5,True
8887,3,2,7,7,-1,-1,DI,17776,4,8888,2,8886,-1,165,0,0,8887,8887,2,0.5,True
8893,1,3,5,13,1,-1,fib_only,17788,2,4447,4,6042,-1,0,0,0,8892,8892,4,0.5,True
8923,3,3,3,3,-1,-1,DI,17848,3,8924,2,8922,-1,93,0,0,8923,8923,2,0.5,True
8929,1,4,1,9,1,1,neither,2976,5,1488,2,8928,1,-73,-146,146,1414,1560,2,0.4754539340954943,False
8933,1,3,5,13,1,-1,fib_only,17868,2,4467,4,762,-1,0,0,0,8932,8932,4,0.5,True
8941,1,1,5,1,1,1,neither,4470,1,4470,1,1,1,-1,-1,1,2234,2235,1,0.4998881181472365,False
8951,3,1,7,11,-1,1,cm_only,8950,1,8950,1,1,1,1,1,1,4475,4474,1,0.5000558721644877,False
8963,3,3,3,3,-1,-1,DI,17928,3,8964,2,8962,-1,97,0,0,8963,8963,2,0.5,True
8969,1,4,1,9,1,1,neither,118,1,118,1,1,1,-9,-9,9,54,63,1,0.46153846153846156,False
8971,3,1,3,11,-1,1,cm_only,2990,1,2990,1,1,1,-61,-61,61,1464,1525,1,0.4897959183673469,False
8999,3,4,7,19,-1,1,cm_only,8998,1,8998,1,1,1,-1,-1,1,4498,4499,1,0.499944425919751,False
9001,1,1,1,1,1,1,neither,1500,2,375,4,1237,1,-6,-24,24,736,760,4,0.4919786096256685,False
9007,3,2,7,7,-1,-1,DI,18016,5,9008,2,9006,-1,-23,0,0,9007,9007,2,0.5,True
9011,3,1,3,11,-1,1,cm_only,1802,1,1802,1,1,1,49,49,49,925,876,1,0.5136035535813437,False
9013,1,3,5,13,1,-1,fib_only,18028,2,4507,4,7355,-1,0,0,0,9012,9012,4,0.5,True
9029,1,4,5,9,1,1,neither,4514,1,4514,1,1,1,1,1,1,2257,2256,1,0.5001107910480833,False
9041,1,1,1,1,1,1,neither,9040,4,4520,2,9040,1,-95,-190,190,4424,4614,2,0.4894888249612746,False
9043,3,3,3,3,-1,-1,DI,18088,3,9044,2,9042,-1,-15,0,0,9043,9043,2,0.5,True
9049,1,4,1,9,1,1,neither,3016,3,1508,2,9048,1,31,62,62,1538,1476,2,0.5102853351028533,False
9059,3,4,3,19,-1,1,cm_only,9058,1,9058,1,1,1,-1,-1,1,4528,4529,1,0.4999447940819256,False
9067,3,2,3,7,-1,-1,DI,18136,3,9068,2,9066,-1,175,0,0,9067,9067,2,0.5,True
9091,3,1,3,11,-1,1,cm_only,1818,1,1818,1,1,1,-23,-23,23,897,920,1,0.4936708860759494,False
9103,3,3,7,3,-1,-1,DI,18208,5,9104,2,9102,-1,19,0,0,9103,9103,2,0.5,True
9109,1,4,5,9,1,1,neither,4554,1,4554,1,1,1,1,1,1,2277,2276,1,0.5001098177026136,False
9127,3,2,7,7,-1,-1,DI,18256,4,9128,2,9126,-1,85,0,0,9127,9127,2,0.5,True
9133,1,3,5,13,1,-1,fib_only,18268,2,4567,4,5401,-1,0,0,0,9132,9132,4,0.5,True
9137,1,2,1,17,1,-1,fib_only,18276,2,4569,4,7851,1,-64,-256,256,9008,9264,4,0.4929947460595447,False
9151,3,1,7,11,-1,1,cm_only,3050,1,3050,1,1,1,-49,-49,49,1500,1549,1,0.49196457855034437,False
9157,1,2,5,17,1,-1,fib_only,18316,2,4579,4,6954,-1,0,0,0,9156,9156,4,0.5,True
9161,1,1,1,1,1,1,neither,9160,3,4580,2,9160,1,85,170,170,4664,4494,2,0.5092815025114654,False
9173,1,3,5,13,1,-1,fib_only,1668,2,417,4,2514,-1,0,0,0,832,832,4,0.5,True
9181,1,1,5,1,1,1,neither,4590,1,4590,1,1,1,-1,-1,1,2294,2295,1,0.49989104380039223,False
9187,3,2,3,7,-1,-1,DI,18376,3,9188,2,9186,-1,-73,0,0,9187,9187,2,0.5,True
9199,3,4,7,19,-1,1,cm_only,9198,1,9198,1,1,1,-1,-1,1,4598,4599,1,0.49994563444601503,False
9203,3,3,3,3,-1,-1,DI,18408,3,9204,2,9202,-1,-123,0,0,9203,9203,2,0.5,True
9209,1,4,1,9,1,1,neither,9208,3,4604,2,9208,1,-53,-106,106,4550,4656,2,0.4942428850749511,False
9221,1,1,5,1,1,1,neither,9220,2,2305,4,3300,-1,0,0,0,4608,4608,4,0.5,True
9227,3,2,3,7,-1,-1,DI,18456,3,9228,2,9226,-1,-73,0,0,9227,9227,2,0.5,True
9239,3,4,7,19,-1,1,cm_only,9238,1,9238,1,1,1,-1,-1,1,4618,4619,1,0.4999458698711703,False
9241,1,1,1,1,1,1,neither,1848,3,924,2,9240,1,1,2,2,924,922,2,0.5005417118093174,False
9257,1,2,1,17,1,-1,fib_only,18516,2,4629,4,8160,1,-76,-304,304,9104,9408,4,0.49178910976663787,False
9277,1,2,5,17,1,-1,fib_only,18556,2,4639,4,888,-1,0,0,0,9276,9276,4,0.5,True
9281,1,1,1,1,1,1,neither,9280,6,4640,2,9280,1,-95,-190,190,4544,4734,2,0.4897607242940289,False
9283,3,3,3,3,-1,-1,DI,1688,3,844,2,9282,-1,-33,0,0,843,843,2,0.5,True
9293,1,3,5,13,1,-1,fib_only,18588,2,4647,4,482,-1,0,0,0,9292,9292,4,0.5,True
9311,3,1,7,11,-1,1,cm_only,9310,1,9310,1,1,1,1,1,1,4655,4654,1,0.500053711462026,False
9319,3,4,7,19,-1,1,cm_only,3106,1,3106,1,1,1,-31,-31,31,1537,1568,1,0.49500805152979066,False
9323,3,3,3,3,-1,-1,DI,6216,3,3108,2,9322,-1,111,0,0,3107,3107,2,0.5,True
9337,1,2,1,17,1,-1,fib_only,2668,2,667,4,3404,1,50,200,200,1432,1232,4,0.5375375375375375,False
9341,1,1,5,1,1,1,neither,9340,2,2335,4,2638,-1,0,0,0,4668,4668,4,0.5,True
9343,3,3,7,3,-1,-1,DI,18688,8,9344,2,9342,-1,-149,0,0,9343,9343,2,0.5,True
9349,1,4,5,9,1,1,neither,38,1,38,1,1,1,1,1,1,19,18,1,0.5135135135135135,False
9371,3,1,3,11,-1,1,cm_only,1874,1,1874,1,1,1,-7,-7,7,933,940,1,0.4981313400961025,False
9377,1,2,1,17,1,-1,fib_only,2084,2,521,4,6529,1,28,112,112,1096,984,4,0.5269230769230769,False
9391,3,1,7,11,-1,1,cm_only,9390,1,9390,1,1,1,1,1,1,4695,4694,1,0.5000532538076472,False
9397,1,2,5,17,1,-1,fib_only,18796,2,4699,4,1852,-1,0,0,0,9396,9396,4,0.5,True
9403,3,3,3,3,-1,-1,DI,18808,3,9404,2,9402,-1,-51,0,0,9403,9403,2,0.5,True
9413,1,3,5,13,1,-1,fib_only,18828,2,4707,4,4658,-1,0,0,0,9412,9412,4,0.5,True
9419,3,4,3,19,-1,1,cm_only,9418,1,9418,1,1,1,-1,-1,1,4708,4709,1,0.49994690453435275,False
9421,1,1,5,1,1,1,neither,9420,2,2355,4,2301,-1,0,0,0,4708,4708,4,0.5,True
9431,3,1,7,11,-1,1,cm_only,1886,1,1886,1,1,1,33,33,33,959,926,1,0.5087533156498674,False
9433,1,3,1,13,1,-1,fib_only,18868,2,4717,4,8419,1,-28,-112,112,9376,9488,4,0.49703138252756573,False
9437,1,2,5,17,1,-1,fib_only,18876,2,4719,4,830,-1,0,0,0,9436,9436,4,0.5,True
9439,3,4,7,19,-1,1,cm_only,726,1,726,1,1,1,55,55,55,390,335,1,0.5379310344827586,False
9461,1,1,5,1,1,1,neither,9460,2,2365,4,7951,-1,0,0,0,4728,4728,4,0.5,True
9463,3,3,7,3,-1,-1,DI,18928,4,9464,2,9462,-1,47,0,0,9463,9463,2,0.5,True
9467,3,2,3,7,-1,-1,DI,18936,3,9468,2,9466,-1,135,0,0,9467,9467,2,0.5,True
9473,1,3,1,13,1,-1,fib_only,18948,2,4737,4,8301,1,8,32,32,9488,9456,4,0.5008445945945946,False
9479,3,4,7,19,-1,1,cm_only,9478,1,9478,1,1,1,-1,-1,1,4738,4739,1,0.4999472406879814,False
9491,3,1,3,11,-1,1,cm_only,9490,1,9490,1,1,1,1,1,1,4745,4744,1,0.5000526925914216,False
9497,1,2,1,17,1,-1,fib_only,6332,2,1583,4,624,1,-66,-264,264,3032,3296,4,0.47914032869785084,False
9511,3,1,7,11,-1,1,cm_only,9510,1,9510,1,1,1,1,1,1,4755,4754,1,0.5000525817646441,False
9521,1,1,1,1,1,1,neither,340,2,85,4,2140,1,-8,-32,32,152,184,4,0.4523809523809524,False
9533,1,3,5,13,1,-1,fib_only,19068,2,4767,4,1977,-1,0,0,0,9532,9532,4,0.5,True
9539,3,4,3,19,-1,1,cm_only,9538,1,9538,1,1,1,-1,-1,1,4768,4769,1,0.49994757261193246,False
9547,3,2,3,7,-1,-1,DI,19096,3,9548,2,9546,-1,43,0,0,9547,9547,2,0.5,True
9551,3,1,7,11,-1,1,cm_only,9550,1,9550,1,1,1,1,1,1,4775,4774,1,0.5000523615038224,False
9587,3,2,3,7,-1,-1,DI,19176,3,9588,2,9586,-1,-69,0,0,9587,9587,2,0.5,True
9601,1,1,1,1,1,1,neither,3200,7,1600,2,9600,1,-95,-190,190,1504,1694,2,0.47029393370856787,False
9613,1,3,5,13,1,-1,fib_only,19228,2,4807,4,3237,-1,0,0,0,9612,9612,4,0.5,True
9619,3,4,3,19,-1,1,cm_only,9618,1,9618,1,1,1,-1,-1,1,4808,4809,1,0.4999480087345326,False
9623,3,3,7,3,-1,-1,DI,19248,4,9624,2,9622,-1,107,0,0,9623,9623,2,0.5,True
9629,1,4,5,9,1,1,neither,4814,1,4814,1,1,1,1,1,1,2407,2406,1,0.5001038853106171,False
9631,3,1,7,11,-1,1,cm_only,9630,1,9630,1,1,1,1,1,1,4815,4814,1,0.5000519264721155,False
9643,3,3,3,3,-1,-1,DI,19288,3,9644,2,9642,-1,-71,0,0,9643,9643,2,0.5,True
9649,1,4,1,9,1,1,neither,9648,4,4824,2,9648,1,-57,-114,114,4766,4880,2,0.4940908148455318,False
9661,1,1,5,1,1,1,neither,966,1,966,1,1,1,-9,-9,9,478,487,1,0.49533678756476685,False
9677,1,2,5,17,1,-1,fib_only,6452,2,1613,4,1338,-1,0,0,0,3224,3224,4,0.5,True
9679,3,4,7,19,-1,1,cm_only,3226,1,3226,1,1,1,65,65,65,1645,1580,1,0.5100775193798449,False
9689,1,4,1,9,1,1,neither,2422,1,2422,1,1,1,-17,-17,17,1202,1219,1,0.49648905410987193,False
9697,1,2,1,17,1,-1,fib_only,1492,2,373,4,8140,1,12,48,48,768,720,4,0.5161290322580645,False
9719,3,4,7,19,-1,1,cm_only,9718,1,9718,1,1,1,-1,-1,1,4858,4859,1,0.49994854378923537,False
9721,1,1,1,1,1,1,neither,9720,3,4860,2,9720,1,-75,-150,150,4784,4934,2,0.49228236262605474,False
9733,1,3,5,13,1,-1,fib_only,19468,2,4867,4,2709,-1,0,0,0,9732,9732,4,0.5,True
9739,3,4,3,19,-1,1,cm_only,3246,1,3246,1,1,1,29,29,29,1637,1608,1,0.5044684129429892,False
9743,3,3,7,3,-1,-1,DI,2784,5,1392,2,9742,-1,37,0,0,1391,1391,2,0.5,True
9749,1,4,5,9,1,1,neither,4874,1,4874,1,1,1,1,1,1,2437,2436,1,0.5001026061974143,False
9767,3,2,7,7,-1,-1,DI,6512,4,3256,2,9766,-1,-5,0,0,3255,3255,2,0.5,True
9769,1,4,1,9,1,1,neither,2442,1,2442,1,1,1,23,23,23,1232,1209,1,0.5047111839410078,False
9781,1,1,5,1,1,1,neither,4890,1,4890,1,1,1,-1,-1,1,2444,2445,1,0.4998977295970546,False
9787,3,2,3,7,-1,-1,DI,19576,3,9788,2,9786,-1,51,0,0,9787,9787,2,0.5,True
9791,3,1,7,11,-1,1,cm_only,9790,1,9790,1,1,1,1,1,1,4895,4894,1,0.5000510777403208,False
9803,3,3,3,3,-1,-1,DI,6536,3,3268,2,9802,-1,-45,0,0,3267,3267,2,0.5,True
9811,3,1,3,11,-1,1,cm_only,9810,1,9810,1,1,1,1,1,1,4905,4904,1,0.5000509735956774,False
9817,1,2,1,17,1,-1,fib_only,19636,2,4909,4,2479,1,4,16,16,9824,9808,4,0.5004074979625102,False
9829,1,4,5,9,1,1,neither,4914,1,4914,1,1,1,1,1,1,2457,2456,1,0.500101770812131,False
9833,1,3,1,13,1,-1,fib_only,19668,2,4917,4,534,1,-92,-368,368,9648,10016,4,0.4906427990235964,False
9839,3,4,7,19,-1,1,cm_only,9838,1,9838,1,1,1,-1,-1,1,4918,4919,1,0.4999491714953746,False
9851,3,1,3,11,-1,1,cm_only,9850,1,9850,1,1,1,1,1,1,4925,4924,1,0.5000507665752868,False
9857,1,2,1,17,1,-1,fib_only,19716,2,4929,4,9635,1,-44,-176,176,9768,9944,4,0.4955357142857143,False
9859,3,4,3,19,-1,1,cm_only,9858,1,9858,1,1,1,-1,-1,1,4928,4929,1,0.4999492746271685,False
9871,3,1,7,11,-1,1,cm_only,9870,1,9870,1,1,1,1,1,1,4935,4934,1,0.5000506636943965,False
9883,3,3,3,3,-1,-1,DI,2824,3,1412,2,9882,-1,11,0,0,1411,1411,2,0.5,True
9887,3,2,7,7,-1,-1,DI,19776,6,9888,2,9886,-1,-71,0,0,9887,9887,2,0.5,True
9901,1,1,5,1,1,1,neither,66,1,66,1,1,1,7,7,7,36,29,1,0.5538461538461539,False
9907,3,2,3,7,-1,-1,DI,19816,3,9908,2,9906,-1,87,0,0,9907,9907,2,0.5,True
9923,3,3,3,3,-1,-1,DI,6616,3,3308,2,9922,-1,-29,0,0,3307,3307,2,0.5,True
9929,1,4,1,9,1,1,neither,4964,2,1241,4,2102,1,-28,-112,112,2424,2536,4,0.48870967741935484,False
9931,3,1,3,11,-1,1,cm_only,1986,1,1986,1,1,1,-63,-63,63,961,1024,1,0.4841309823677582,False
9941,1,1,5,1,1,1,neither,994,1,994,1,1,1,-1,-1,1,496,497,1,0.499496475327291,False
9949,1,4,5,9,1,1,neither,3316,2,829,4,2543,-1,0,0,0,1656,1656,4,0.5,True
9967,3,2,7,7,-1,-1,DI,19936,5,9968,2,9966,-1,-135,0,0,9967,9967,2,0.5,True
9973,1,3,5,13,1,-1,fib_only,19948,2,4987,4,7175,-1,0,0,0,9972,9972,4,0.5,True
